"../../../Engine/Plugins/2D/Paper2D/Content/PlaceholderTextures/DummySpriteTexture.ubulk" 0
"../../../Engine/Plugins/2D/Paper2D/Content/PlaceholderTextures/DummySpriteTexture.uasset" 1
"../../../Engine/Plugins/2D/Paper2D/Content/PlaceholderTextures/DummySpriteTexture.uexp" 2
"../../../Engine/Plugins/2D/Paper2D/Content/DummySprite.uasset" 3
"../../../Engine/Plugins/2D/Paper2D/Content/DummySprite.uexp" 4
"../../../Engine/Plugins/2D/Paper2D/Content/DefaultPaperTerrainMaterial.uasset" 5
"../../../Engine/Plugins/2D/Paper2D/Content/DefaultPaperTerrainMaterial.uexp" 6
"../../../Engine/Plugins/FX/NiagaraFluids/Content/NDC_Grid3D_Gas.uasset" 7
"../../../Engine/Plugins/FX/NiagaraFluids/Content/NDC_Grid3D_Gas.uexp" 8
"../../../Engine/Content/EngineFonts/Faces/DroidSansFallback.uexp" 9
"../../../Engine/Content/EngineFonts/Faces/DroidSansFallback.uasset" 10
"../../../Engine/Content/EngineFonts/Faces/DroidSansFallback.ufont" 11
"../../../Engine/Content/EngineFonts/Faces/RobotoBold.uexp" 12
"../../../Engine/Content/EngineFonts/Faces/RobotoBold.uasset" 13
"../../../Engine/Content/EngineFonts/Faces/RobotoBold.ufont" 14
"../../../Engine/Content/EngineFonts/Faces/RobotoBoldItalic.uexp" 15
"../../../Engine/Content/EngineFonts/Faces/RobotoBoldItalic.uasset" 16
"../../../Engine/Content/EngineFonts/Faces/RobotoBoldItalic.ufont" 17
"../../../Engine/Content/EngineFonts/Faces/RobotoItalic.uexp" 18
"../../../Engine/Content/EngineFonts/Faces/RobotoItalic.uasset" 19
"../../../Engine/Content/EngineFonts/Faces/RobotoItalic.ufont" 20
"../../../Engine/Content/EngineFonts/Faces/RobotoLight.uexp" 21
"../../../Engine/Content/EngineFonts/Faces/RobotoLight.uasset" 22
"../../../Engine/Content/EngineFonts/Faces/RobotoLight.ufont" 23
"../../../Engine/Content/EngineFonts/Faces/RobotoRegular.uexp" 24
"../../../Engine/Content/EngineFonts/Faces/RobotoRegular.uasset" 25
"../../../Engine/Content/EngineFonts/Faces/RobotoRegular.ufont" 26
"../../../Engine/Content/EngineFonts/Roboto.uasset" 27
"../../../Engine/Content/EngineFonts/Roboto.uexp" 28
"../../../Engine/Content/EngineMaterials/DefaultDestructiblePhysicalMaterial.uasset" 29
"../../../Engine/Content/EngineMaterials/DefaultDestructiblePhysicalMaterial.uexp" 30
"../../../Engine/Content/EngineSounds/Master.uasset" 31
"../../../Engine/Content/EngineSounds/Master.uexp" 32
"../../../Engine/Content/Functions/Engine_MaterialFunctions02/Utility/CameraDirectionVector.uasset" 33
"../../../Engine/Content/Functions/Engine_MaterialFunctions02/Utility/CameraDirectionVector.uexp" 34
"../../../Engine/Content/Functions/Engine_MaterialFunctions02/Utility/VectorLength.uasset" 35
"../../../Engine/Content/Functions/Engine_MaterialFunctions02/Utility/VectorLength.uexp" 36
"../../../Engine/Plugins/Experimental/MeshModelingToolsetExp/Content/Materials/GetDisplacementVectorForDepthBias.uasset" 37
"../../../Engine/Plugins/Experimental/MeshModelingToolsetExp/Content/Materials/GetDisplacementVectorForDepthBias.uexp" 38
"../../../Engine/Content/Functions/Engine_MaterialFunctions03/Viewport/MF_OrthoWidth.uasset" 39
"../../../Engine/Content/Functions/Engine_MaterialFunctions03/Viewport/MF_OrthoWidth.uexp" 40
"../../../Engine/Content/Functions/Engine_MaterialFunctions02/Utility/FOV.uasset" 41
"../../../Engine/Content/Functions/Engine_MaterialFunctions02/Utility/FOV.uexp" 42
"../../../Engine/Content/Functions/Engine_MaterialFunctions02/WorldPositionOffset/V2/ObjectScale.uasset" 43
"../../../Engine/Content/Functions/Engine_MaterialFunctions02/WorldPositionOffset/V2/ObjectScale.uexp" 44
"../../../Engine/Plugins/Experimental/MeshModelingToolsetExp/Content/Materials/PointSetOverlaidComponentMaterial.uasset" 45
"../../../Engine/Plugins/Experimental/MeshModelingToolsetExp/Content/Materials/PointSetOverlaidComponentMaterial.uexp" 46
"../../../Engine/Plugins/Interchange/Assets/Content/Functions/MX_AbsorptionVDF.uasset" 47
"../../../Engine/Plugins/Interchange/Assets/Content/Functions/MX_AbsorptionVDF.uexp" 48
"../../../Engine/Plugins/Interchange/Assets/Content/Functions/MX_AnisotropicVDF.uasset" 49
"../../../Engine/Plugins/Interchange/Assets/Content/Functions/MX_AnisotropicVDF.uexp" 50
"../../../Engine/Plugins/Interchange/Assets/Content/Functions/MX_BurleyDiffuseBSDF.uasset" 51
"../../../Engine/Plugins/Interchange/Assets/Content/Functions/MX_BurleyDiffuseBSDF.uexp" 52
"../../../Engine/Content/EngineResources/WhiteSquareTexture.uasset" 53
"../../../Engine/Content/EngineResources/WhiteSquareTexture.uexp" 54
"../../../Engine/Content/EngineMaterials/Widget3DPassThrough.uasset" 55
"../../../Engine/Content/EngineMaterials/Widget3DPassThrough.uexp" 56
"../../../Engine/Content/EngineMaterials/Widget3DPassThrough_Masked.uasset" 57
"../../../Engine/Content/EngineMaterials/Widget3DPassThrough_Masked.uexp" 58
"../../../Engine/Plugins/Interchange/Assets/Content/Functions/MX_ChiangHairBSDF.uasset" 59
"../../../Engine/Plugins/Interchange/Assets/Content/Functions/MX_ChiangHairBSDF.uexp" 60
"../../../Engine/Content/EngineMaterials/Widget3DPassThrough_Opaque.uasset" 61
"../../../Engine/Content/EngineMaterials/Widget3DPassThrough_Opaque.uexp" 62
"../../../Engine/Content/EngineMaterials/Widget3DPassThrough_Masked_OneSided.uasset" 63
"../../../Engine/Content/EngineMaterials/Widget3DPassThrough_Masked_OneSided.uexp" 64
"../../../Engine/Content/Functions/Engine_MaterialFunctions02/WorldPositionOffset/ObjectScale.uasset" 65
"../../../Engine/Content/Functions/Engine_MaterialFunctions02/WorldPositionOffset/ObjectScale.uexp" 66
"../../../Engine/Content/Functions/Engine_MaterialFunctions02/Utility/BreakOutFloat3Components.uasset" 67
"../../../Engine/Content/Functions/Engine_MaterialFunctions02/Utility/BreakOutFloat3Components.uexp" 68
"../../../Engine/Plugins/Editor/SpeedTreeImporter/Content/SpeedTree9/Empty.uasset" 69
"../../../Engine/Plugins/Editor/SpeedTreeImporter/Content/SpeedTree9/Empty.uexp" 70
"../../../Engine/Plugins/Editor/SpeedTreeImporter/Content/SpeedTree9/EmptyNormal.uasset" 71
"../../../Engine/Plugins/Editor/SpeedTreeImporter/Content/SpeedTree9/EmptyNormal.uexp" 72
"../../../Engine/Plugins/Editor/SpeedTreeImporter/Content/SpeedTree9/game_wind_noise.ubulk" 73
"../../../Engine/Plugins/Editor/SpeedTreeImporter/Content/SpeedTree9/game_wind_noise.uasset" 74
"../../../Engine/Plugins/Editor/SpeedTreeImporter/Content/SpeedTree9/game_wind_noise.uexp" 75
"../../../Engine/Plugins/Editor/SpeedTreeImporter/Content/SpeedTree9/SpeedTreeBillboard.uasset" 76
"../../../Engine/Plugins/Editor/SpeedTreeImporter/Content/SpeedTree9/SpeedTreeBillboard.uexp" 77
"../../../Engine/Content/Functions/Engine_MaterialFunctions02/SafeNormalize.uasset" 78
"../../../Engine/Content/Functions/Engine_MaterialFunctions02/SafeNormalize.uexp" 79
"../../../Engine/Plugins/Editor/SpeedTreeImporter/Content/SpeedTree9/SpeedTreeWindMotion.uasset" 80
"../../../Engine/Plugins/Editor/SpeedTreeImporter/Content/SpeedTree9/SpeedTreeWindMotion.uexp" 81
"../../../Engine/Plugins/Editor/SpeedTreeImporter/Content/SpeedTree9/UnpackDirection.uasset" 82
"../../../Engine/Plugins/Editor/SpeedTreeImporter/Content/SpeedTree9/UnpackDirection.uexp" 83
"../../../Engine/Plugins/Editor/SpeedTreeImporter/Content/SpeedTree9/UnpackInteger3.uasset" 84
"../../../Engine/Plugins/Editor/SpeedTreeImporter/Content/SpeedTree9/UnpackInteger3.uexp" 85
"../../../Engine/Plugins/Editor/SpeedTreeImporter/Content/SpeedTree9/SpeedTreeBranchMotion.uasset" 86
"../../../Engine/Plugins/Editor/SpeedTreeImporter/Content/SpeedTree9/SpeedTreeBranchMotion.uexp" 87
"../../../Engine/Content/Functions/Engine_MaterialFunctions02/ObjectLocalBounds.uasset" 88
"../../../Engine/Content/Functions/Engine_MaterialFunctions02/ObjectLocalBounds.uexp" 89
"../../../Engine/Content/Functions/Engine_MaterialFunctions02/UVs/BoundingBoxBased_0-1_UVW.uasset" 90
"../../../Engine/Content/Functions/Engine_MaterialFunctions02/UVs/BoundingBoxBased_0-1_UVW.uexp" 91
"../../../Engine/Plugins/Editor/SpeedTreeImporter/Content/SpeedTree9/SpeedTreeWind.uasset" 92
"../../../Engine/Plugins/Editor/SpeedTreeImporter/Content/SpeedTree9/SpeedTreeWind.uexp" 93
"../../../Engine/Plugins/Editor/SpeedTreeImporter/Content/SpeedTree9/SpeedTreeBillboardMaster.uasset" 94
"../../../Engine/Plugins/Editor/SpeedTreeImporter/Content/SpeedTree9/SpeedTreeBillboardMaster.uexp" 95
"../../../Engine/Content/EngineMaterials/Widget3DPassThrough_Opaque_OneSided.uasset" 96
"../../../Engine/Content/EngineMaterials/Widget3DPassThrough_Opaque_OneSided.uexp" 97
"../../../Engine/Plugins/Editor/SpeedTreeImporter/Content/SpeedTree9/SpeedTreeCameraFacing.uasset" 98
"../../../Engine/Plugins/Editor/SpeedTreeImporter/Content/SpeedTree9/SpeedTreeCameraFacing.uexp" 99
"../../../Engine/Plugins/Editor/SpeedTreeImporter/Content/SpeedTree9/SpeedTreeMaster.uasset" 100
"../../../Engine/Plugins/Editor/SpeedTreeImporter/Content/SpeedTree9/SpeedTreeMaster.uexp" 101
"../../../Engine/Content/EngineMaterials/Widget3DPassThrough_Translucent.uasset" 102
"../../../Engine/Content/EngineMaterials/Widget3DPassThrough_Translucent.uexp" 103
"../../../Engine/Content/EngineMaterials/Widget3DPassThrough_Translucent_OneSided.uasset" 104
"../../../Engine/Content/EngineMaterials/Widget3DPassThrough_Translucent_OneSided.uexp" 105
"../../../Engine/Plugins/Interchange/Assets/Content/Functions/MX_ConductorBSDF.uasset" 106
"../../../Engine/Plugins/Interchange/Assets/Content/Functions/MX_ConductorBSDF.uexp" 107
"../../../Engine/Plugins/Interchange/Assets/Content/Functions/MX_ConicalEDF.uasset" 108
"../../../Engine/Plugins/Interchange/Assets/Content/Functions/MX_ConicalEDF.uexp" 109
"../../../Engine/Plugins/Interchange/Assets/Content/Functions/MX_DielectricBSDF.uasset" 110
"../../../Engine/Plugins/Interchange/Assets/Content/Functions/MX_DielectricBSDF.uexp" 111
"../../../Engine/Content/Functions/Engine_MaterialFunctions02/Utility/BlendAngleCorrectedNormals.uasset" 112
"../../../Engine/Content/Functions/Engine_MaterialFunctions02/Utility/BlendAngleCorrectedNormals.uexp" 113
"../../../Engine/Plugins/Interchange/Assets/Content/Functions/MX_Displacement.uasset" 114
"../../../Engine/Plugins/Interchange/Assets/Content/Functions/MX_Displacement.uexp" 115
"../../../Engine/Plugins/Interchange/Assets/Content/Functions/MX_GeneralizedSchlickBSDF.uasset" 116
"../../../Engine/Plugins/Interchange/Assets/Content/Functions/MX_GeneralizedSchlickBSDF.uexp" 117
"../../../Engine/Plugins/Interchange/Assets/Content/Functions/MX_MeasuredEDF.uasset" 118
"../../../Engine/Plugins/Interchange/Assets/Content/Functions/MX_MeasuredEDF.uexp" 119
"../../../Engine/Plugins/Interchange/Assets/Content/Functions/MF_IridescenceNoLUT.uasset" 120
"../../../Engine/Plugins/Interchange/Assets/Content/Functions/MF_IridescenceNoLUT.uexp" 121
"../../../Engine/Plugins/Interchange/Assets/Content/Functions/MX_StandardSurface.uasset" 122
"../../../Engine/Plugins/Interchange/Assets/Content/Functions/MX_StandardSurface.uexp" 123
"../../../Engine/Plugins/Interchange/Assets/Content/Functions/MX_OpenPBR_Opaque.uasset" 124
"../../../Engine/Plugins/Interchange/Assets/Content/Functions/MX_OpenPBR_Opaque.uexp" 125
"../../../Engine/Plugins/Interchange/Assets/Content/Functions/MX_TransmissionSurface.uasset" 126
"../../../Engine/Plugins/Interchange/Assets/Content/Functions/MX_TransmissionSurface.uexp" 127
"../../../Engine/Plugins/Interchange/Assets/Content/Functions/MX_OpenPBR_Translucent.uasset" 128
"../../../Engine/Plugins/Interchange/Assets/Content/Functions/MX_OpenPBR_Translucent.uexp" 129
"../../../Engine/Plugins/Interchange/Assets/Content/Functions/MX_OrenNayarBSDF.uasset" 130
"../../../Engine/Plugins/Interchange/Assets/Content/Functions/MX_OrenNayarBSDF.uexp" 131
"../../../Engine/Plugins/Interchange/Assets/Content/Functions/MX_SheenBSDF.uasset" 132
"../../../Engine/Plugins/Interchange/Assets/Content/Functions/MX_SheenBSDF.uexp" 133
"../../../Engine/Content/EngineMeshes/Sphere.ubulk" 134
"../../../Engine/Content/EngineMeshes/Sphere.uasset" 135
"../../../Engine/Content/EngineMeshes/Sphere.uexp" 136
"../../../Engine/Plugins/Interchange/Assets/Content/Functions/MX_SubsurfaceBSDF.uasset" 137
"../../../Engine/Plugins/Interchange/Assets/Content/Functions/MX_SubsurfaceBSDF.uexp" 138
"../../../Engine/Plugins/Interchange/Assets/Content/Functions/MX_Surface.uasset" 139
"../../../Engine/Plugins/Interchange/Assets/Content/Functions/MX_Surface.uexp" 140
"../../../Engine/Plugins/Interchange/Assets/Content/Functions/MX_SurfaceUnlit.uasset" 141
"../../../Engine/Plugins/Interchange/Assets/Content/Functions/MX_SurfaceUnlit.uexp" 142
"../../../Engine/Plugins/Interchange/Assets/Content/Functions/MX_TranslucentBSDF.uasset" 143
"../../../Engine/Plugins/Interchange/Assets/Content/Functions/MX_TranslucentBSDF.uexp" 144
"../../../Engine/Plugins/Interchange/Assets/Content/Functions/MX_UniformEDF.uasset" 145
"../../../Engine/Plugins/Interchange/Assets/Content/Functions/MX_UniformEDF.uexp" 146
"../../../Engine/Plugins/Interchange/Assets/Content/Functions/MX_UsdPreviewSurface.uasset" 147
"../../../Engine/Plugins/Interchange/Assets/Content/Functions/MX_UsdPreviewSurface.uexp" 148
"../../../Engine/Content/Functions/Engine_MaterialFunctions02/Utility/MakeFloat3.uasset" 149
"../../../Engine/Content/Functions/Engine_MaterialFunctions02/Utility/MakeFloat3.uexp" 150
"../../../Engine/Content/Functions/Engine_MaterialFunctions02/SplitComponents.uasset" 151
"../../../Engine/Content/Functions/Engine_MaterialFunctions02/SplitComponents.uexp" 152
"../../../Engine/Content/Functions/Engine_MaterialFunctions02/Math/Transform3x3Matrix.uasset" 153
"../../../Engine/Content/Functions/Engine_MaterialFunctions02/Math/Transform3x3Matrix.uexp" 154
"../../../Engine/Content/VREditor/SnapGrid/SnapGridMaterial.uasset" 155
"../../../Engine/Content/VREditor/SnapGrid/SnapGridMaterial.uexp" 156
"../../../Engine/Content/VREditor/SnapGrid/SnapGridPlaneMesh.ubulk" 157
"../../../Engine/Content/VREditor/SnapGrid/SnapGridPlaneMesh.uasset" 158
"../../../Engine/Content/VREditor/SnapGrid/SnapGridPlaneMesh.uexp" 159
"../../../Engine/Content/VREditor/LaserPointer/VR_LaserPower_01.ubulk" 160
"../../../Engine/Content/VREditor/LaserPointer/VR_LaserPower_01.uasset" 161
"../../../Engine/Content/VREditor/LaserPointer/VR_LaserPower_01.uexp" 162
"../../../Engine/Content/VREditor/TransformGizmo/TransformGizmoMaterial.uasset" 163
"../../../Engine/Content/VREditor/TransformGizmo/TransformGizmoMaterial.uexp" 164
"../../../Engine/Content/VREditor/TransformGizmo/TranslucentTransformGizmoMaterial.uasset" 165
"../../../Engine/Content/VREditor/TransformGizmo/TranslucentTransformGizmoMaterial.uexp" 166
"../../../Engine/Content/VREditor/TransformGizmo/PlaneTranslationHandle.ubulk" 167
"../../../Engine/Content/VREditor/TransformGizmo/PlaneTranslationHandle.uasset" 168
"../../../Engine/Content/VREditor/TransformGizmo/PlaneTranslationHandle.uexp" 169
"../../../Engine/Content/VREditor/TransformGizmo/RotationHandleFull.ubulk" 170
"../../../Engine/Content/VREditor/TransformGizmo/RotationHandleFull.uasset" 171
"../../../Engine/Content/VREditor/TransformGizmo/RotationHandleFull.uexp" 172
"../../../Engine/Content/VREditor/TransformGizmo/RotationHandleIndicator.ubulk" 173
"../../../Engine/Content/VREditor/TransformGizmo/RotationHandleIndicator.uasset" 174
"../../../Engine/Content/VREditor/TransformGizmo/RotationHandleIndicator.uexp" 175
"../../../Engine/Content/VREditor/TransformGizmo/RotationHandleQuarter.ubulk" 176
"../../../Engine/Content/VREditor/TransformGizmo/RotationHandleQuarter.uasset" 177
"../../../Engine/Content/VREditor/TransformGizmo/RotationHandleQuarter.uexp" 178
"../../../Engine/Content/VREditor/TransformGizmo/StartRotationHandleIndicator.ubulk" 179
"../../../Engine/Content/VREditor/TransformGizmo/StartRotationHandleIndicator.uasset" 180
"../../../Engine/Content/VREditor/TransformGizmo/StartRotationHandleIndicator.uexp" 181
"../../../Engine/Content/VREditor/TransformGizmo/TranslucentTransformGizmoMaterial_Inst.uasset" 182
"../../../Engine/Content/VREditor/TransformGizmo/TranslucentTransformGizmoMaterial_Inst.uexp" 183
"../../../Engine/Content/VREditor/TransformGizmo/TransformGizmoFreeRotation.ubulk" 184
"../../../Engine/Content/VREditor/TransformGizmo/TransformGizmoFreeRotation.uasset" 185
"../../../Engine/Content/VREditor/TransformGizmo/TransformGizmoFreeRotation.uexp" 186
"../../../Engine/Content/VREditor/TransformGizmo/TransformGizmoMaterial_Inst.uasset" 187
"../../../Engine/Content/VREditor/TransformGizmo/TransformGizmoMaterial_Inst.uexp" 188
"../../../Engine/Content/VREditor/TransformGizmo/TranslateArrowHandle.ubulk" 189
"../../../Engine/Content/VREditor/TransformGizmo/TranslateArrowHandle.uasset" 190
"../../../Engine/Content/VREditor/TransformGizmo/TranslateArrowHandle.uexp" 191
"../../../Engine/Content/VREditor/TransformGizmo/UniformScaleHandle.ubulk" 192
"../../../Engine/Content/VREditor/TransformGizmo/UniformScaleHandle.uasset" 193
"../../../Engine/Content/VREditor/TransformGizmo/UniformScaleHandle.uexp" 194
"../../../Engine/Content/VREditor/Sounds/UI/Drop_Item_From_ContentBrowser.ubulk" 195
"../../../Engine/Content/VREditor/Sounds/UI/Drop_Item_From_ContentBrowser.uasset" 196
"../../../Engine/Content/VREditor/Sounds/UI/Drop_Item_From_ContentBrowser.uexp" 197
"../../../Engine/Content/VREditor/Sounds/UI/Gizmo_Handle_Clicked.ubulk" 198
"../../../Engine/Content/VREditor/Sounds/UI/Gizmo_Handle_Clicked.uasset" 199
"../../../Engine/Content/VREditor/Sounds/UI/Gizmo_Handle_Clicked.uexp" 200
"../../../Engine/Content/VREditor/Sounds/UI/Object_PickUp.ubulk" 201
"../../../Engine/Content/VREditor/Sounds/UI/Object_PickUp.uasset" 202
"../../../Engine/Content/VREditor/Sounds/UI/Object_PickUp.uexp" 203
"../../../Engine/Content/VREditor/Sounds/UI/Object_Snaps_To_Another_Actor.ubulk" 204
"../../../Engine/Content/VREditor/Sounds/UI/Object_Snaps_To_Another_Actor.uasset" 205
"../../../Engine/Content/VREditor/Sounds/UI/Object_Snaps_To_Another_Actor.uexp" 206
"../../../Engine/Content/VREditor/Sounds/UI/Object_Snaps_To_Grid.ubulk" 207
"../../../Engine/Content/VREditor/Sounds/UI/Object_Snaps_To_Grid.uasset" 208
"../../../Engine/Content/VREditor/Sounds/UI/Object_Snaps_To_Grid.uexp" 209
"../../../Engine/Content/VREditor/Sounds/UI/Scaling_Down.ubulk" 210
"../../../Engine/Content/VREditor/Sounds/UI/Scaling_Down.uasset" 211
"../../../Engine/Content/VREditor/Sounds/UI/Scaling_Down.uexp" 212
"../../../Engine/Content/VREditor/Sounds/UI/Scaling_Up.ubulk" 213
"../../../Engine/Content/VREditor/Sounds/UI/Scaling_Up.uasset" 214
"../../../Engine/Content/VREditor/Sounds/UI/Scaling_Up.uexp" 215
"../../../Engine/Content/VREditor/Sounds/UI/Selection_Changes.ubulk" 216
"../../../Engine/Content/VREditor/Sounds/UI/Selection_Changes.uasset" 217
"../../../Engine/Content/VREditor/Sounds/UI/Selection_Changes.uexp" 218
"../../../Engine/Content/EngineResources/Black.uasset" 219
"../../../Engine/Content/EngineResources/Black.uexp" 220
"../../../Engine/Plugins/Animation/ControlRig/Content/Controls/ControlRigGizmoMaterial.uasset" 221
"../../../Engine/Plugins/Animation/ControlRig/Content/Controls/ControlRigGizmoMaterial.uexp" 222
"../../../Engine/Plugins/Animation/ControlRig/Content/Controls/ControlRigXRayMaterial.uasset" 223
"../../../Engine/Plugins/Animation/ControlRig/Content/Controls/ControlRigXRayMaterial.uexp" 224
"../../../Engine/Content/EngineMaterials/T_Default_Material_Grid_M.ubulk" 225
"../../../Engine/Content/EngineMaterials/T_Default_Material_Grid_M.uasset" 226
"../../../Engine/Content/EngineMaterials/T_Default_Material_Grid_M.uexp" 227
"../../../Engine/Content/EngineMaterials/T_Default_Material_Grid_N.ubulk" 228
"../../../Engine/Content/EngineMaterials/T_Default_Material_Grid_N.uasset" 229
"../../../Engine/Content/EngineMaterials/T_Default_Material_Grid_N.uexp" 230
"../../../Engine/Content/Functions/Engine_MaterialFunctions01/Opacity/CameraDepthFade.uasset" 231
"../../../Engine/Content/Functions/Engine_MaterialFunctions01/Opacity/CameraDepthFade.uexp" 232
"../../../Engine/Content/EngineMaterials/WorldGridMaterial.uasset" 233
"../../../Engine/Content/EngineMaterials/WorldGridMaterial.uexp" 234
"../../../Engine/Plugins/Animation/ControlRig/Content/Controls/ControlRig_Arrow2_1mm.ubulk" 235
"../../../Engine/Plugins/Animation/ControlRig/Content/Controls/ControlRig_Arrow2_1mm.uasset" 236
"../../../Engine/Plugins/Animation/ControlRig/Content/Controls/ControlRig_Arrow2_1mm.uexp" 237
"../../../Engine/Plugins/Animation/ControlRig/Content/Controls/ControlRig_Arrow2_3mm.ubulk" 238
"../../../Engine/Plugins/Animation/ControlRig/Content/Controls/ControlRig_Arrow2_3mm.uasset" 239
"../../../Engine/Plugins/Animation/ControlRig/Content/Controls/ControlRig_Arrow2_3mm.uexp" 240
"../../../Engine/Content/EngineResources/DefaultTextureCube.uasset" 241
"../../../Engine/Content/EngineResources/DefaultTextureCube.uexp" 242
"../../../Engine/Plugins/Animation/ControlRig/Content/Controls/ControlRig_Arrow2_solid.ubulk" 243
"../../../Engine/Plugins/Animation/ControlRig/Content/Controls/ControlRig_Arrow2_solid.uasset" 244
"../../../Engine/Plugins/Animation/ControlRig/Content/Controls/ControlRig_Arrow2_solid.uexp" 245
"../../../Engine/Plugins/Animation/ControlRig/Content/Controls/ControlRig_Arrow4_1mm.ubulk" 246
"../../../Engine/Plugins/Animation/ControlRig/Content/Controls/ControlRig_Arrow4_1mm.uasset" 247
"../../../Engine/Plugins/Animation/ControlRig/Content/Controls/ControlRig_Arrow4_1mm.uexp" 248
"../../../Engine/Plugins/Animation/ControlRig/Content/Controls/ControlRig_Arrow4_3mm.ubulk" 249
"../../../Engine/Plugins/Animation/ControlRig/Content/Controls/ControlRig_Arrow4_3mm.uasset" 250
"../../../Engine/Plugins/Animation/ControlRig/Content/Controls/ControlRig_Arrow4_3mm.uexp" 251
"../../../Engine/Plugins/Animation/ControlRig/Content/Controls/ControlRig_Arrow4_solid.ubulk" 252
"../../../Engine/Plugins/Animation/ControlRig/Content/Controls/ControlRig_Arrow4_solid.uasset" 253
"../../../Engine/Plugins/Animation/ControlRig/Content/Controls/ControlRig_Arrow4_solid.uexp" 254
"../../../Engine/Plugins/Interchange/Assets/Content/Substrate/MX_SimpleVolume.uasset" 255
"../../../Engine/Plugins/Interchange/Assets/Content/Substrate/MX_SimpleVolume.uexp" 256
"../../../Engine/Plugins/Animation/ControlRig/Content/Controls/ControlRig_Arrow_1mm.ubulk" 257
"../../../Engine/Plugins/Animation/ControlRig/Content/Controls/ControlRig_Arrow_1mm.uasset" 258
"../../../Engine/Plugins/Animation/ControlRig/Content/Controls/ControlRig_Arrow_1mm.uexp" 259
"../../../Engine/Content/EngineResources/GradientTexture0.uasset" 260
"../../../Engine/Content/EngineResources/GradientTexture0.uexp" 261
"../../../Engine/Plugins/Animation/ControlRig/Content/Controls/ControlRig_Arrow_3mm.ubulk" 262
"../../../Engine/Plugins/Animation/ControlRig/Content/Controls/ControlRig_Arrow_3mm.uasset" 263
"../../../Engine/Plugins/Animation/ControlRig/Content/Controls/ControlRig_Arrow_3mm.uexp" 264
"../../../Engine/Plugins/Animation/ControlRig/Content/Controls/ControlRig_Arrow_solid.ubulk" 265
"../../../Engine/Plugins/Animation/ControlRig/Content/Controls/ControlRig_Arrow_solid.uasset" 266
"../../../Engine/Plugins/Animation/ControlRig/Content/Controls/ControlRig_Arrow_solid.uexp" 267
"../../../Engine/Plugins/Animation/ControlRig/Content/Controls/ControlRig_Box_1mm.ubulk" 268
"../../../Engine/Plugins/Animation/ControlRig/Content/Controls/ControlRig_Box_1mm.uasset" 269
"../../../Engine/Plugins/Animation/ControlRig/Content/Controls/ControlRig_Box_1mm.uexp" 270
"../../../Engine/Content/EngineResources/LandscapeVisibilityLayerInfo.uasset" 271
"../../../Engine/Content/EngineResources/LandscapeVisibilityLayerInfo.uexp" 272
"../../../Engine/Plugins/Animation/ControlRig/Content/Controls/ControlRig_Box_3mm.ubulk" 273
"../../../Engine/Plugins/Animation/ControlRig/Content/Controls/ControlRig_Box_3mm.uasset" 274
"../../../Engine/Plugins/Animation/ControlRig/Content/Controls/ControlRig_Box_3mm.uexp" 275
"../../../Engine/Plugins/Animation/ControlRig/Content/Controls/ControlRig_Box_solid.ubulk" 276
"../../../Engine/Plugins/Animation/ControlRig/Content/Controls/ControlRig_Box_solid.uasset" 277
"../../../Engine/Plugins/Animation/ControlRig/Content/Controls/ControlRig_Box_solid.uexp" 278
"../../../Engine/Plugins/Animation/ControlRig/Content/Controls/ControlRig_Circle_1mm.ubulk" 279
"../../../Engine/Plugins/Animation/ControlRig/Content/Controls/ControlRig_Circle_1mm.uasset" 280
"../../../Engine/Plugins/Animation/ControlRig/Content/Controls/ControlRig_Circle_1mm.uexp" 281
"../../../Engine/Plugins/Animation/ControlRig/Content/Controls/ControlRig_Circle_3mm.ubulk" 282
"../../../Engine/Plugins/Animation/ControlRig/Content/Controls/ControlRig_Circle_3mm.uasset" 283
"../../../Engine/Plugins/Animation/ControlRig/Content/Controls/ControlRig_Circle_3mm.uexp" 284
"../../../Engine/Plugins/Animation/ControlRig/Content/Controls/ControlRig_Circle_solid.ubulk" 285
"../../../Engine/Plugins/Animation/ControlRig/Content/Controls/ControlRig_Circle_solid.uasset" 286
"../../../Engine/Plugins/Animation/ControlRig/Content/Controls/ControlRig_Circle_solid.uexp" 287
"../../../Engine/Plugins/Animation/ControlRig/Content/Controls/ControlRig_Diamond_1mm.ubulk" 288
"../../../Engine/Plugins/Animation/ControlRig/Content/Controls/ControlRig_Diamond_1mm.uasset" 289
"../../../Engine/Plugins/Animation/ControlRig/Content/Controls/ControlRig_Diamond_1mm.uexp" 290
"../../../Engine/Plugins/Animation/ControlRig/Content/Controls/ControlRig_Diamond_3mm.ubulk" 291
"../../../Engine/Plugins/Animation/ControlRig/Content/Controls/ControlRig_Diamond_3mm.uasset" 292
"../../../Engine/Plugins/Animation/ControlRig/Content/Controls/ControlRig_Diamond_3mm.uexp" 293
"../../../Engine/Plugins/Runtime/HairStrands/Content/Materials/HairCardsDefaultMaterial.uasset" 294
"../../../Engine/Plugins/Runtime/HairStrands/Content/Materials/HairCardsDefaultMaterial.uexp" 295
"../../../Engine/Plugins/Animation/ControlRig/Content/Controls/ControlRig_Diamond_solid.ubulk" 296
"../../../Engine/Plugins/Animation/ControlRig/Content/Controls/ControlRig_Diamond_solid.uasset" 297
"../../../Engine/Plugins/Animation/ControlRig/Content/Controls/ControlRig_Diamond_solid.uexp" 298
"../../../Engine/Content/EditorMaterials/ParticleSystems/PSysThumbnail_NoImage.ubulk" 299
"../../../Engine/Content/EditorMaterials/ParticleSystems/PSysThumbnail_NoImage.uasset" 300
"../../../Engine/Content/EditorMaterials/ParticleSystems/PSysThumbnail_NoImage.uexp" 301
"../../../Engine/Content/Functions/Engine_MaterialFunctions02/Utility/MakeFloat2.uasset" 302
"../../../Engine/Content/Functions/Engine_MaterialFunctions02/Utility/MakeFloat2.uexp" 303
"../../../Engine/Content/EngineMaterials/HairColorMap.uasset" 304
"../../../Engine/Content/EngineMaterials/HairColorMap.uexp" 305
"../../../Engine/Content/EngineMaterials/HairDebugColor.uasset" 306
"../../../Engine/Content/EngineMaterials/HairDebugColor.uexp" 307
"../../../Engine/Plugins/Runtime/HairStrands/Content/Materials/HairGroupColors.uasset" 308
"../../../Engine/Plugins/Runtime/HairStrands/Content/Materials/HairGroupColors.uexp" 309
"../../../Engine/Plugins/Runtime/HairStrands/Content/Materials/HairDebugMaterial.uasset" 310
"../../../Engine/Plugins/Runtime/HairStrands/Content/Materials/HairDebugMaterial.uexp" 311
"../../../Engine/Content/EditorMaterials/ParticleSystems/PSysThumbnail_OOD.ubulk" 312
"../../../Engine/Content/EditorMaterials/ParticleSystems/PSysThumbnail_OOD.uasset" 313
"../../../Engine/Content/EditorMaterials/ParticleSystems/PSysThumbnail_OOD.uexp" 314
"../../../Engine/Plugins/Runtime/HairStrands/Content/Materials/HairDefaultMaterial.uasset" 315
"../../../Engine/Plugins/Runtime/HairStrands/Content/Materials/HairDefaultMaterial.uexp" 316
"../../../Engine/Plugins/Animation/ControlRig/Content/Controls/ControlRig_HalfCircle_1mm.ubulk" 317
"../../../Engine/Plugins/Animation/ControlRig/Content/Controls/ControlRig_HalfCircle_1mm.uasset" 318
"../../../Engine/Plugins/Animation/ControlRig/Content/Controls/ControlRig_HalfCircle_1mm.uexp" 319
"../../../Engine/Plugins/Runtime/HairStrands/Content/Materials/HairMeshesDefaultMaterial.uasset" 320
"../../../Engine/Plugins/Runtime/HairStrands/Content/Materials/HairMeshesDefaultMaterial.uexp" 321
"../../../Engine/Plugins/Animation/ControlRig/Content/Controls/ControlRig_HalfCircle_3mm.ubulk" 322
"../../../Engine/Plugins/Animation/ControlRig/Content/Controls/ControlRig_HalfCircle_3mm.uasset" 323
"../../../Engine/Plugins/Animation/ControlRig/Content/Controls/ControlRig_HalfCircle_3mm.uexp" 324
"../../../Engine/Plugins/Animation/ControlRig/Content/Controls/ControlRig_HalfCircle_solid.ubulk" 325
"../../../Engine/Plugins/Animation/ControlRig/Content/Controls/ControlRig_HalfCircle_solid.uasset" 326
"../../../Engine/Plugins/Animation/ControlRig/Content/Controls/ControlRig_HalfCircle_solid.uexp" 327
"../../../Engine/Content/EngineMaterials/EnergyConservation/Diffuse_Energy.uasset" 328
"../../../Engine/Content/EngineMaterials/EnergyConservation/Diffuse_Energy.uexp" 329
"../../../Engine/Plugins/Animation/ControlRig/Content/Controls/ControlRig_Hexagon_1mm.ubulk" 330
"../../../Engine/Plugins/Animation/ControlRig/Content/Controls/ControlRig_Hexagon_1mm.uasset" 331
"../../../Engine/Plugins/Animation/ControlRig/Content/Controls/ControlRig_Hexagon_1mm.uexp" 332
"../../../Engine/Content/EngineMaterials/EnergyConservation/GGX_ReflectionEnergy.uasset" 333
"../../../Engine/Content/EngineMaterials/EnergyConservation/GGX_ReflectionEnergy.uexp" 334
"../../../Engine/Plugins/Animation/ControlRig/Content/Controls/ControlRig_Hexagon_3mm.ubulk" 335
"../../../Engine/Plugins/Animation/ControlRig/Content/Controls/ControlRig_Hexagon_3mm.uasset" 336
"../../../Engine/Plugins/Animation/ControlRig/Content/Controls/ControlRig_Hexagon_3mm.uexp" 337
"../../../Engine/Content/EngineMaterials/EnergyConservation/GGX_TransmissionEnergyArray.uasset" 338
"../../../Engine/Content/EngineMaterials/EnergyConservation/GGX_TransmissionEnergyArray.uexp" 339
"../../../Engine/Content/EngineMaterials/EnergyConservation/SheenLegacy_Energy.uasset" 340
"../../../Engine/Content/EngineMaterials/EnergyConservation/SheenLegacy_Energy.uexp" 341
"../../../Engine/Plugins/Animation/ControlRig/Content/Controls/ControlRig_Hexagon_solid.ubulk" 342
"../../../Engine/Plugins/Animation/ControlRig/Content/Controls/ControlRig_Hexagon_solid.uasset" 343
"../../../Engine/Plugins/Animation/ControlRig/Content/Controls/ControlRig_Hexagon_solid.uexp" 344
"../../../Engine/Content/EditorMaterials/Camera/CineMat.uasset" 345
"../../../Engine/Content/EditorMaterials/Camera/CineMat.uexp" 346
"../../../Engine/Content/EditorMaterials/Camera/MI_CineMat_Rig.uasset" 347
"../../../Engine/Content/EditorMaterials/Camera/MI_CineMat_Rig.uexp" 348
"../../../Engine/Content/EditorMeshes/Camera/SM_CraneRig_Arm.ubulk" 349
"../../../Engine/Content/EditorMeshes/Camera/SM_CraneRig_Arm.uasset" 350
"../../../Engine/Content/EditorMeshes/Camera/SM_CraneRig_Arm.uexp" 351
"../../../Engine/Content/EngineMaterials/EnergyConservation/Sheen_Energy.uasset" 352
"../../../Engine/Content/EngineMaterials/EnergyConservation/Sheen_Energy.uexp" 353
"../../../Engine/Content/EditorMeshes/Camera/SM_CraneRig_Base.ubulk" 354
"../../../Engine/Content/EditorMeshes/Camera/SM_CraneRig_Base.uasset" 355
"../../../Engine/Content/EditorMeshes/Camera/SM_CraneRig_Base.uexp" 356
"../../../Engine/Content/EngineMaterials/LTC/GGX_LTCAmp.uasset" 357
"../../../Engine/Content/EngineMaterials/LTC/GGX_LTCAmp.uexp" 358
"../../../Engine/Content/EditorMeshes/Camera/SM_CraneRig_Body.ubulk" 359
"../../../Engine/Content/EditorMeshes/Camera/SM_CraneRig_Body.uasset" 360
"../../../Engine/Content/EditorMeshes/Camera/SM_CraneRig_Body.uexp" 361
"../../../Engine/Content/EngineMaterials/LTC/GGX_LTCMat.uasset" 362
"../../../Engine/Content/EngineMaterials/LTC/GGX_LTCMat.uexp" 363
"../../../Engine/Content/EditorMeshes/Camera/SM_CraneRig_Mount.ubulk" 364
"../../../Engine/Content/EditorMeshes/Camera/SM_CraneRig_Mount.uasset" 365
"../../../Engine/Content/EditorMeshes/Camera/SM_CraneRig_Mount.uexp" 366
"../../../Engine/Plugins/Animation/ControlRig/Content/Controls/ControlRig_Octagon_1mm.ubulk" 367
"../../../Engine/Plugins/Animation/ControlRig/Content/Controls/ControlRig_Octagon_1mm.uasset" 368
"../../../Engine/Plugins/Animation/ControlRig/Content/Controls/ControlRig_Octagon_1mm.uexp" 369
"../../../Engine/Plugins/Runtime/AudioWidgets/Content/Resources/ScrubHandleDown_Clamped.uasset" 370
"../../../Engine/Plugins/Runtime/AudioWidgets/Content/Resources/ScrubHandleDown_Clamped.uexp" 371
"../../../Engine/Content/EditorMeshes/Camera/SM_RailRig_Mount.ubulk" 372
"../../../Engine/Content/EditorMeshes/Camera/SM_RailRig_Mount.uasset" 373
"../../../Engine/Content/EditorMeshes/Camera/SM_RailRig_Mount.uexp" 374
"../../../Engine/Content/EngineMaterials/LTC/Sheen_LTC.uasset" 375
"../../../Engine/Content/EngineMaterials/LTC/Sheen_LTC.uexp" 376
"../../../Engine/Content/EditorMeshes/Camera/SM_RailRig_Track.ubulk" 377
"../../../Engine/Content/EditorMeshes/Camera/SM_RailRig_Track.uasset" 378
"../../../Engine/Content/EditorMeshes/Camera/SM_RailRig_Track.uexp" 379
"../../../Engine/Plugins/Animation/ControlRig/Content/Controls/ControlRig_Octagon_3mm.ubulk" 380
"../../../Engine/Plugins/Animation/ControlRig/Content/Controls/ControlRig_Octagon_3mm.uasset" 381
"../../../Engine/Plugins/Animation/ControlRig/Content/Controls/ControlRig_Octagon_3mm.uexp" 382
"../../../Engine/Plugins/Animation/ControlRig/Content/Controls/ControlRig_Octagon_solid.ubulk" 383
"../../../Engine/Plugins/Animation/ControlRig/Content/Controls/ControlRig_Octagon_solid.uasset" 384
"../../../Engine/Plugins/Animation/ControlRig/Content/Controls/ControlRig_Octagon_solid.uexp" 385
"../../../Engine/Plugins/Animation/ControlRig/Content/Controls/ControlRig_Pyramid_1mm.ubulk" 386
"../../../Engine/Plugins/Animation/ControlRig/Content/Controls/ControlRig_Pyramid_1mm.uasset" 387
"../../../Engine/Plugins/Animation/ControlRig/Content/Controls/ControlRig_Pyramid_1mm.uexp" 388
"../../../Engine/Content/EngineResources/Development/ZenLogo_64.uasset" 389
"../../../Engine/Content/EngineResources/Development/ZenLogo_64.uexp" 390
"../../../Engine/Plugins/Animation/ControlRig/Content/Controls/ControlRig_Pyramid_3mm.ubulk" 391
"../../../Engine/Plugins/Animation/ControlRig/Content/Controls/ControlRig_Pyramid_3mm.uasset" 392
"../../../Engine/Plugins/Animation/ControlRig/Content/Controls/ControlRig_Pyramid_3mm.uexp" 393
"../../../Engine/Content/EngineResources/FilmGrains/Marcie_Grain_v3_128_M2_000.uasset" 394
"../../../Engine/Content/EngineResources/FilmGrains/Marcie_Grain_v3_128_M2_000.uexp" 395
"../../../Engine/Plugins/Animation/ControlRig/Content/Controls/ControlRig_Pyramid_solid.ubulk" 396
"../../../Engine/Plugins/Animation/ControlRig/Content/Controls/ControlRig_Pyramid_solid.uasset" 397
"../../../Engine/Plugins/Animation/ControlRig/Content/Controls/ControlRig_Pyramid_solid.uexp" 398
"../../../Engine/Plugins/Animation/ControlRig/Content/Controls/ControlRig_QuarterCircle_1mm.ubulk" 399
"../../../Engine/Plugins/Animation/ControlRig/Content/Controls/ControlRig_QuarterCircle_1mm.uasset" 400
"../../../Engine/Plugins/Animation/ControlRig/Content/Controls/ControlRig_QuarterCircle_1mm.uexp" 401
"../../../Engine/Plugins/Animation/ControlRig/Content/Controls/ControlRig_QuarterCircle_3mm.ubulk" 402
"../../../Engine/Plugins/Animation/ControlRig/Content/Controls/ControlRig_QuarterCircle_3mm.uasset" 403
"../../../Engine/Plugins/Animation/ControlRig/Content/Controls/ControlRig_QuarterCircle_3mm.uexp" 404
"../../../Engine/Plugins/Animation/ControlRig/Content/Controls/ControlRig_QuarterCircle_solid.ubulk" 405
"../../../Engine/Plugins/Animation/ControlRig/Content/Controls/ControlRig_QuarterCircle_solid.uasset" 406
"../../../Engine/Plugins/Animation/ControlRig/Content/Controls/ControlRig_QuarterCircle_solid.uexp" 407
"../../../Engine/Plugins/Animation/ControlRig/Content/Controls/ControlRig_RoundedSquare_1mm.ubulk" 408
"../../../Engine/Plugins/Animation/ControlRig/Content/Controls/ControlRig_RoundedSquare_1mm.uasset" 409
"../../../Engine/Plugins/Animation/ControlRig/Content/Controls/ControlRig_RoundedSquare_1mm.uexp" 410
"../../../Engine/Plugins/Animation/ControlRig/Content/Controls/ControlRig_RoundedSquare_3mm.ubulk" 411
"../../../Engine/Plugins/Animation/ControlRig/Content/Controls/ControlRig_RoundedSquare_3mm.uasset" 412
"../../../Engine/Plugins/Animation/ControlRig/Content/Controls/ControlRig_RoundedSquare_3mm.uexp" 413
"../../../Engine/Plugins/Animation/ControlRig/Content/Controls/ControlRig_RoundedSquare_solid.ubulk" 414
"../../../Engine/Plugins/Animation/ControlRig/Content/Controls/ControlRig_RoundedSquare_solid.uasset" 415
"../../../Engine/Plugins/Animation/ControlRig/Content/Controls/ControlRig_RoundedSquare_solid.uexp" 416
"../../../Engine/Plugins/Animation/ControlRig/Content/Controls/ControlRig_RoundedTriangle_1mm.ubulk" 417
"../../../Engine/Plugins/Animation/ControlRig/Content/Controls/ControlRig_RoundedTriangle_1mm.uasset" 418
"../../../Engine/Plugins/Animation/ControlRig/Content/Controls/ControlRig_RoundedTriangle_1mm.uexp" 419
"../../../Engine/Plugins/Animation/ControlRig/Content/Controls/ControlRig_RoundedTriangle_3mm.ubulk" 420
"../../../Engine/Plugins/Animation/ControlRig/Content/Controls/ControlRig_RoundedTriangle_3mm.uasset" 421
"../../../Engine/Plugins/Animation/ControlRig/Content/Controls/ControlRig_RoundedTriangle_3mm.uexp" 422
"../../../Engine/Plugins/Animation/ControlRig/Content/Controls/ControlRig_RoundedTriangle_solid.ubulk" 423
"../../../Engine/Plugins/Animation/ControlRig/Content/Controls/ControlRig_RoundedTriangle_solid.uasset" 424
"../../../Engine/Plugins/Animation/ControlRig/Content/Controls/ControlRig_RoundedTriangle_solid.uexp" 425
"../../../Engine/Plugins/Animation/ControlRig/Content/Controls/ControlRig_Sphere_1mm.ubulk" 426
"../../../Engine/Plugins/Animation/ControlRig/Content/Controls/ControlRig_Sphere_1mm.uasset" 427
"../../../Engine/Plugins/Animation/ControlRig/Content/Controls/ControlRig_Sphere_1mm.uexp" 428
"../../../Engine/Plugins/Animation/ControlRig/Content/Controls/ControlRig_Sphere_3mm.ubulk" 429
"../../../Engine/Plugins/Animation/ControlRig/Content/Controls/ControlRig_Sphere_3mm.uasset" 430
"../../../Engine/Plugins/Animation/ControlRig/Content/Controls/ControlRig_Sphere_3mm.uexp" 431
"../../../Engine/Content/EditorResources/SequenceRecorder/Countdown.uasset" 432
"../../../Engine/Content/EditorResources/SequenceRecorder/Countdown.uexp" 433
"../../../Engine/Content/EditorResources/SequenceRecorder/RecordingIndicator.uasset" 434
"../../../Engine/Content/EditorResources/SequenceRecorder/RecordingIndicator.uexp" 435
"../../../Engine/Plugins/Animation/ControlRig/Content/Controls/ControlRig_Sphere_solid.ubulk" 436
"../../../Engine/Plugins/Animation/ControlRig/Content/Controls/ControlRig_Sphere_solid.uasset" 437
"../../../Engine/Plugins/Animation/ControlRig/Content/Controls/ControlRig_Sphere_solid.uexp" 438
"../../../Engine/Plugins/Animation/ControlRig/Content/Controls/ControlRig_Square_1mm.ubulk" 439
"../../../Engine/Plugins/Animation/ControlRig/Content/Controls/ControlRig_Square_1mm.uasset" 440
"../../../Engine/Plugins/Animation/ControlRig/Content/Controls/ControlRig_Square_1mm.uexp" 441
"../../../Engine/Plugins/Animation/ControlRig/Content/Controls/ControlRig_Square_3mm.ubulk" 442
"../../../Engine/Plugins/Animation/ControlRig/Content/Controls/ControlRig_Square_3mm.uasset" 443
"../../../Engine/Plugins/Animation/ControlRig/Content/Controls/ControlRig_Square_3mm.uexp" 444
"../../../Engine/Plugins/Animation/ControlRig/Content/Controls/ControlRig_Square_solid.ubulk" 445
"../../../Engine/Plugins/Animation/ControlRig/Content/Controls/ControlRig_Square_solid.uasset" 446
"../../../Engine/Plugins/Animation/ControlRig/Content/Controls/ControlRig_Square_solid.uexp" 447
"../../../Engine/Plugins/Animation/ControlRig/Content/Controls/ControlRig_Star4_1mm.ubulk" 448
"../../../Engine/Plugins/Animation/ControlRig/Content/Controls/ControlRig_Star4_1mm.uasset" 449
"../../../Engine/Plugins/Animation/ControlRig/Content/Controls/ControlRig_Star4_1mm.uexp" 450
"../../../Engine/Plugins/Animation/ControlRig/Content/Controls/ControlRig_Star4_3mm.ubulk" 451
"../../../Engine/Plugins/Animation/ControlRig/Content/Controls/ControlRig_Star4_3mm.uasset" 452
"../../../Engine/Plugins/Animation/ControlRig/Content/Controls/ControlRig_Star4_3mm.uexp" 453
"../../../Engine/Plugins/Animation/ControlRig/Content/Controls/ControlRig_Star4_solid.ubulk" 454
"../../../Engine/Plugins/Animation/ControlRig/Content/Controls/ControlRig_Star4_solid.uasset" 455
"../../../Engine/Plugins/Animation/ControlRig/Content/Controls/ControlRig_Star4_solid.uexp" 456
"../../../Engine/Plugins/Animation/ControlRig/Content/Controls/ControlRig_Triangle_1mm.ubulk" 457
"../../../Engine/Plugins/Animation/ControlRig/Content/Controls/ControlRig_Triangle_1mm.uasset" 458
"../../../Engine/Plugins/Animation/ControlRig/Content/Controls/ControlRig_Triangle_1mm.uexp" 459
"../../../Engine/Plugins/Animation/ControlRig/Content/Controls/ControlRig_Triangle_3mm.ubulk" 460
"../../../Engine/Plugins/Animation/ControlRig/Content/Controls/ControlRig_Triangle_3mm.uasset" 461
"../../../Engine/Plugins/Animation/ControlRig/Content/Controls/ControlRig_Triangle_3mm.uexp" 462
"../../../Engine/Plugins/Animation/ControlRig/Content/Controls/ControlRig_Triangle_solid.ubulk" 463
"../../../Engine/Plugins/Animation/ControlRig/Content/Controls/ControlRig_Triangle_solid.uasset" 464
"../../../Engine/Plugins/Animation/ControlRig/Content/Controls/ControlRig_Triangle_solid.uexp" 465
"../../../Engine/Plugins/Animation/ControlRig/Content/Controls/ControlRig_Wedge_1mm.ubulk" 466
"../../../Engine/Plugins/Animation/ControlRig/Content/Controls/ControlRig_Wedge_1mm.uasset" 467
"../../../Engine/Plugins/Animation/ControlRig/Content/Controls/ControlRig_Wedge_1mm.uexp" 468
"../../../Engine/Plugins/Animation/ControlRig/Content/Controls/ControlRig_Wedge_3mm.ubulk" 469
"../../../Engine/Plugins/Animation/ControlRig/Content/Controls/ControlRig_Wedge_3mm.uasset" 470
"../../../Engine/Plugins/Animation/ControlRig/Content/Controls/ControlRig_Wedge_3mm.uexp" 471
"../../../Engine/Plugins/Animation/ControlRig/Content/Controls/ControlRig_Wedge_solid.ubulk" 472
"../../../Engine/Plugins/Animation/ControlRig/Content/Controls/ControlRig_Wedge_solid.uasset" 473
"../../../Engine/Plugins/Animation/ControlRig/Content/Controls/ControlRig_Wedge_solid.uexp" 474
"../../../Engine/Content/EditorMaterials/Dataflow/DataflowTwoSidedVertexMaterial.uasset" 475
"../../../Engine/Content/EditorMaterials/Dataflow/DataflowTwoSidedVertexMaterial.uexp" 476
"../../../Engine/Content/EditorMaterials/Dataflow/DataflowVertexMaterial.uasset" 477
"../../../Engine/Content/EditorMaterials/Dataflow/DataflowVertexMaterial.uexp" 478
"../../../Engine/Content/VREditor/TransformGizmo/BoundingBoxCorner.ubulk" 479
"../../../Engine/Content/VREditor/TransformGizmo/BoundingBoxCorner.uasset" 480
"../../../Engine/Content/VREditor/TransformGizmo/BoundingBoxCorner.uexp" 481
"../../../Engine/Content/VREditor/TransformGizmo/BoundingBoxEdge.ubulk" 482
"../../../Engine/Content/VREditor/TransformGizmo/BoundingBoxEdge.uasset" 483
"../../../Engine/Content/VREditor/TransformGizmo/BoundingBoxEdge.uexp" 484
"../../../Engine/Plugins/Animation/DeformerGraph/Content/DeformerFunctions/DG_Function_LinearBlendSkin_Morph_Cloth.uasset" 485
"../../../Engine/Plugins/Animation/DeformerGraph/Content/DeformerFunctions/DG_Function_LinearBlendSkin_Morph_Cloth.uexp" 486
"../../../Engine/Plugins/Animation/DeformerGraph/Content/Deformers/DG_LinearBlendSkin_Morph_Cloth.uasset" 487
"../../../Engine/Plugins/Animation/DeformerGraph/Content/Deformers/DG_LinearBlendSkin_Morph_Cloth.uexp" 488
"../../../Engine/Plugins/Animation/DeformerGraph/Content/DeformerFunctions/DG_Function_ComputeNormalsTangents.uasset" 489
"../../../Engine/Plugins/Animation/DeformerGraph/Content/DeformerFunctions/DG_Function_ComputeNormalsTangents.uexp" 490
"../../../Engine/Plugins/Animation/DeformerGraph/Content/DeformerFunctions/DG_Function_LinearBlendSkin_Morph_Cloth_PositionOnly.uasset" 491
"../../../Engine/Plugins/Animation/DeformerGraph/Content/DeformerFunctions/DG_Function_LinearBlendSkin_Morph_Cloth_PositionOnly.uexp" 492
"../../../Engine/Plugins/Animation/DeformerGraph/Content/Deformers/DG_LinearBlendSkin_Morph_Cloth_RecomputeNormals.uasset" 493
"../../../Engine/Plugins/Animation/DeformerGraph/Content/Deformers/DG_LinearBlendSkin_Morph_Cloth_RecomputeNormals.uexp" 494
"../../../Engine/Content/Functions/Engine_MaterialFunctions01/Texturing/FlattenNormal.uasset" 495
"../../../Engine/Content/Functions/Engine_MaterialFunctions01/Texturing/FlattenNormal.uexp" 496
"../../../Engine/Plugins/Interchange/Assets/Content/Utilities/New_LUT.uasset" 497
"../../../Engine/Plugins/Interchange/Assets/Content/Utilities/New_LUT.uexp" 498
"../../../Engine/Content/Functions/Engine_MaterialFunctions03/Math/RemapValueRange.uasset" 499
"../../../Engine/Content/Functions/Engine_MaterialFunctions03/Math/RemapValueRange.uexp" 500
"../../../Engine/Plugins/Interchange/Assets/Content/Functions/MF_Iridescence.uasset" 501
"../../../Engine/Plugins/Interchange/Assets/Content/Functions/MF_Iridescence.uexp" 502
"../../../Engine/Plugins/Interchange/Assets/Content/gltf/Textures/T_White_srgb.uasset" 503
"../../../Engine/Plugins/Interchange/Assets/Content/gltf/Textures/T_White_srgb.uexp" 504
"../../../Engine/Plugins/Interchange/Assets/Content/gltf/MaterialFunctions/MF_BaseColor.uasset" 505
"../../../Engine/Plugins/Interchange/Assets/Content/gltf/MaterialFunctions/MF_BaseColor.uexp" 506
"../../../Engine/Plugins/Interchange/Assets/Content/gltf/MaterialFunctions/MF_RotateNormals_TS.uasset" 507
"../../../Engine/Plugins/Interchange/Assets/Content/gltf/MaterialFunctions/MF_RotateNormals_TS.uexp" 508
"../../../Engine/Plugins/Interchange/Assets/Content/gltf/Textures/T_Generic_N.uasset" 509
"../../../Engine/Plugins/Interchange/Assets/Content/gltf/Textures/T_Generic_N.uexp" 510
"../../../Engine/Plugins/Interchange/Assets/Content/gltf/Textures/T_White_Linear.uasset" 511
"../../../Engine/Plugins/Interchange/Assets/Content/gltf/Textures/T_White_Linear.uexp" 512
"../../../Engine/Plugins/Interchange/Assets/Content/gltf/MaterialFunctions/MF_Clearcoat.uasset" 513
"../../../Engine/Plugins/Interchange/Assets/Content/gltf/MaterialFunctions/MF_Clearcoat.uexp" 514
"../../../Engine/Plugins/Interchange/Assets/Content/gltf/MaterialFunctions/MF_Emissive.uasset" 515
"../../../Engine/Plugins/Interchange/Assets/Content/gltf/MaterialFunctions/MF_Emissive.uexp" 516
"../../../Engine/Plugins/Interchange/Assets/Content/gltf/MaterialFunctions/MF_IOR.uasset" 517
"../../../Engine/Plugins/Interchange/Assets/Content/gltf/MaterialFunctions/MF_IOR.uexp" 518
"../../../Engine/Plugins/Interchange/Assets/Content/gltf/MaterialFunctions/MF_Iridescence.uasset" 519
"../../../Engine/Plugins/Interchange/Assets/Content/gltf/MaterialFunctions/MF_Iridescence.uexp" 520
"../../../Engine/Plugins/Interchange/Assets/Content/gltf/MaterialFunctions/MF_MetallicRoughness.uasset" 521
"../../../Engine/Plugins/Interchange/Assets/Content/gltf/MaterialFunctions/MF_MetallicRoughness.uexp" 522
"../../../Engine/Plugins/Interchange/Assets/Content/gltf/MaterialFunctions/MF_ScaleNormal.uasset" 523
"../../../Engine/Plugins/Interchange/Assets/Content/gltf/MaterialFunctions/MF_ScaleNormal.uexp" 524
"../../../Engine/Plugins/Interchange/Assets/Content/gltf/MaterialFunctions/MF_Normals.uasset" 525
"../../../Engine/Plugins/Interchange/Assets/Content/gltf/MaterialFunctions/MF_Normals.uexp" 526
"../../../Engine/Plugins/Interchange/Assets/Content/gltf/MaterialFunctions/MF_Occlusion.uasset" 527
"../../../Engine/Plugins/Interchange/Assets/Content/gltf/MaterialFunctions/MF_Occlusion.uexp" 528
"../../../Engine/Plugins/Interchange/Assets/Content/gltf/MaterialFunctions/MF_Specular.uasset" 529
"../../../Engine/Plugins/Interchange/Assets/Content/gltf/MaterialFunctions/MF_Specular.uexp" 530
"../../../Engine/Plugins/Interchange/Assets/Content/gltf/Textures/T_Anisotropy_Direction_Linear.uasset" 531
"../../../Engine/Plugins/Interchange/Assets/Content/gltf/Textures/T_Anisotropy_Direction_Linear.uexp" 532
"../../../Engine/Plugins/Interchange/Assets/Content/gltf/MaterialFunctions/MF_SpecularAnisotropy.uasset" 533
"../../../Engine/Plugins/Interchange/Assets/Content/gltf/MaterialFunctions/MF_SpecularAnisotropy.uexp" 534
"../../../Engine/Plugins/Interchange/Assets/Content/gltf/MaterialFunctions/MF_RotateV2.uasset" 535
"../../../Engine/Plugins/Interchange/Assets/Content/gltf/MaterialFunctions/MF_RotateV2.uexp" 536
"../../../Engine/Plugins/Interchange/Assets/Content/gltf/MaterialFunctions/MF_TransformUVs.uasset" 537
"../../../Engine/Plugins/Interchange/Assets/Content/gltf/MaterialFunctions/MF_TransformUVs.uexp" 538
"../../../Engine/Plugins/Interchange/Assets/Content/gltf/MaterialBodies/MF_ClearCoat_Body.uasset" 539
"../../../Engine/Plugins/Interchange/Assets/Content/gltf/MaterialBodies/MF_ClearCoat_Body.uexp" 540
"../../../Engine/Plugins/Interchange/Assets/Content/gltf/M_ClearCoat.uasset" 541
"../../../Engine/Plugins/Interchange/Assets/Content/gltf/M_ClearCoat.uexp" 542
"../../../Engine/Plugins/Interchange/Assets/Content/gltf/MaterialInstances/MI_ClearCoat_Blend.uasset" 543
"../../../Engine/Plugins/Interchange/Assets/Content/gltf/MaterialInstances/MI_ClearCoat_Blend.uexp" 544
"../../../Engine/Plugins/Interchange/Assets/Content/gltf/MaterialInstances/MI_ClearCoat_Blend_DS.uasset" 545
"../../../Engine/Plugins/Interchange/Assets/Content/gltf/MaterialInstances/MI_ClearCoat_Blend_DS.uexp" 546
"../../../Engine/Plugins/Interchange/Assets/Content/gltf/MaterialInstances/MI_ClearCoat_Mask.uasset" 547
"../../../Engine/Plugins/Interchange/Assets/Content/gltf/MaterialInstances/MI_ClearCoat_Mask.uexp" 548
"../../../Engine/Plugins/Interchange/Assets/Content/gltf/MaterialInstances/MI_ClearCoat_Mask_DS.uasset" 549
"../../../Engine/Plugins/Interchange/Assets/Content/gltf/MaterialInstances/MI_ClearCoat_Mask_DS.uexp" 550
"../../../Engine/Plugins/Interchange/Assets/Content/gltf/MaterialInstances/MI_ClearCoat_Opaque.uasset" 551
"../../../Engine/Plugins/Interchange/Assets/Content/gltf/MaterialInstances/MI_ClearCoat_Opaque.uexp" 552
"../../../Engine/Plugins/Interchange/Assets/Content/gltf/MaterialInstances/MI_ClearCoat_Opaque_DS.uasset" 553
"../../../Engine/Plugins/Interchange/Assets/Content/gltf/MaterialInstances/MI_ClearCoat_Opaque_DS.uexp" 554
"../../../Engine/Plugins/Interchange/Assets/Content/gltf/MaterialBodies/MF_Default_Body.uasset" 555
"../../../Engine/Plugins/Interchange/Assets/Content/gltf/MaterialBodies/MF_Default_Body.uexp" 556
"../../../Engine/Plugins/Interchange/Assets/Content/gltf/M_Default.uasset" 557
"../../../Engine/Plugins/Interchange/Assets/Content/gltf/M_Default.uexp" 558
"../../../Engine/Plugins/Interchange/Assets/Content/gltf/MaterialInstances/MI_Default_Blend.uasset" 559
"../../../Engine/Plugins/Interchange/Assets/Content/gltf/MaterialInstances/MI_Default_Blend.uexp" 560
"../../../Engine/Plugins/Interchange/Assets/Content/gltf/MaterialInstances/MI_Default_Blend_DS.uasset" 561
"../../../Engine/Plugins/Interchange/Assets/Content/gltf/MaterialInstances/MI_Default_Blend_DS.uexp" 562
"../../../Engine/Plugins/Interchange/Assets/Content/gltf/MaterialInstances/MI_Default_Mask.uasset" 563
"../../../Engine/Plugins/Interchange/Assets/Content/gltf/MaterialInstances/MI_Default_Mask.uexp" 564
"../../../Engine/Plugins/Interchange/Assets/Content/gltf/MaterialInstances/MI_Default_Mask_DS.uasset" 565
"../../../Engine/Plugins/Interchange/Assets/Content/gltf/MaterialInstances/MI_Default_Mask_DS.uexp" 566
"../../../Engine/Plugins/Interchange/Assets/Content/gltf/MaterialInstances/MI_Default_Opaque.uasset" 567
"../../../Engine/Plugins/Interchange/Assets/Content/gltf/MaterialInstances/MI_Default_Opaque.uexp" 568
"../../../Engine/Plugins/Interchange/Assets/Content/gltf/MaterialInstances/MI_Default_Opaque_DS.uasset" 569
"../../../Engine/Plugins/Interchange/Assets/Content/gltf/MaterialInstances/MI_Default_Opaque_DS.uexp" 570
"../../../Engine/Plugins/Interchange/Assets/Content/gltf/MaterialFunctions/MF_Sheen.uasset" 571
"../../../Engine/Plugins/Interchange/Assets/Content/gltf/MaterialFunctions/MF_Sheen.uexp" 572
"../../../Engine/Plugins/Interchange/Assets/Content/gltf/MaterialBodies/MF_Sheen_Body.uasset" 573
"../../../Engine/Plugins/Interchange/Assets/Content/gltf/MaterialBodies/MF_Sheen_Body.uexp" 574
"../../../Engine/Plugins/Interchange/Assets/Content/gltf/M_Sheen.uasset" 575
"../../../Engine/Plugins/Interchange/Assets/Content/gltf/M_Sheen.uexp" 576
"../../../Engine/Plugins/Interchange/Assets/Content/gltf/MaterialInstances/MI_Sheen_Blend.uasset" 577
"../../../Engine/Plugins/Interchange/Assets/Content/gltf/MaterialInstances/MI_Sheen_Blend.uexp" 578
"../../../Engine/Plugins/Interchange/Assets/Content/gltf/MaterialInstances/MI_Sheen_Blend_DS.uasset" 579
"../../../Engine/Plugins/Interchange/Assets/Content/gltf/MaterialInstances/MI_Sheen_Blend_DS.uexp" 580
"../../../Engine/Plugins/Interchange/Assets/Content/gltf/MaterialInstances/MI_Sheen_Mask.uasset" 581
"../../../Engine/Plugins/Interchange/Assets/Content/gltf/MaterialInstances/MI_Sheen_Mask.uexp" 582
"../../../Engine/Plugins/Interchange/Assets/Content/gltf/MaterialInstances/MI_Sheen_Mask_DS.uasset" 583
"../../../Engine/Plugins/Interchange/Assets/Content/gltf/MaterialInstances/MI_Sheen_Mask_DS.uexp" 584
"../../../Engine/Plugins/Interchange/Assets/Content/gltf/MaterialInstances/MI_Sheen_Opaque.uasset" 585
"../../../Engine/Plugins/Interchange/Assets/Content/gltf/MaterialInstances/MI_Sheen_Opaque.uexp" 586
"../../../Engine/Plugins/Interchange/Assets/Content/gltf/MaterialInstances/MI_Sheen_Opaque_DS.uasset" 587
"../../../Engine/Plugins/Interchange/Assets/Content/gltf/MaterialInstances/MI_Sheen_Opaque_DS.uexp" 588
"../../../Engine/Plugins/Interchange/Assets/Content/gltf/MaterialFunctions/MF_DiffuseSpecGloss.uasset" 589
"../../../Engine/Plugins/Interchange/Assets/Content/gltf/MaterialFunctions/MF_DiffuseSpecGloss.uexp" 590
"../../../Engine/Plugins/Interchange/Assets/Content/gltf/MaterialFunctions/MF_MaxComponentValue.uasset" 591
"../../../Engine/Plugins/Interchange/Assets/Content/gltf/MaterialFunctions/MF_MaxComponentValue.uexp" 592
"../../../Engine/Content/Functions/Engine_MaterialFunctions02/Math/AddComponents.uasset" 593
"../../../Engine/Content/Functions/Engine_MaterialFunctions02/Math/AddComponents.uexp" 594
"../../../Engine/Plugins/Interchange/Assets/Content/gltf/MaterialFunctions/MF_PerceivedBrightness.uasset" 595
"../../../Engine/Plugins/Interchange/Assets/Content/gltf/MaterialFunctions/MF_PerceivedBrightness.uexp" 596
"../../../Engine/Plugins/Interchange/Assets/Content/gltf/MaterialFunctions/MF_SpecGlossToMetalRoughness.uasset" 597
"../../../Engine/Plugins/Interchange/Assets/Content/gltf/MaterialFunctions/MF_SpecGlossToMetalRoughness.uexp" 598
"../../../Engine/Plugins/Interchange/Assets/Content/gltf/MaterialBodies/MF_SpecularGlossiness_Body.uasset" 599
"../../../Engine/Plugins/Interchange/Assets/Content/gltf/MaterialBodies/MF_SpecularGlossiness_Body.uexp" 600
"../../../Engine/Plugins/Interchange/Assets/Content/gltf/M_SpecularGlossiness.uasset" 601
"../../../Engine/Plugins/Interchange/Assets/Content/gltf/M_SpecularGlossiness.uexp" 602
"../../../Engine/Plugins/Interchange/Assets/Content/gltf/MaterialInstances/MI_SpecularGlossiness_Blend.uasset" 603
"../../../Engine/Plugins/Interchange/Assets/Content/gltf/MaterialInstances/MI_SpecularGlossiness_Blend.uexp" 604
"../../../Engine/Plugins/Interchange/Assets/Content/gltf/MaterialInstances/MI_SpecularGlossiness_Blend_DS.uasset" 605
"../../../Engine/Plugins/Interchange/Assets/Content/gltf/MaterialInstances/MI_SpecularGlossiness_Blend_DS.uexp" 606
"../../../Engine/Plugins/Interchange/Assets/Content/gltf/MaterialInstances/MI_SpecularGlossiness_Mask.uasset" 607
"../../../Engine/Plugins/Interchange/Assets/Content/gltf/MaterialInstances/MI_SpecularGlossiness_Mask.uexp" 608
"../../../Engine/Plugins/Interchange/Assets/Content/gltf/MaterialInstances/MI_SpecularGlossiness_Mask_DS.uasset" 609
"../../../Engine/Plugins/Interchange/Assets/Content/gltf/MaterialInstances/MI_SpecularGlossiness_Mask_DS.uexp" 610
"../../../Engine/Plugins/Interchange/Assets/Content/gltf/MaterialInstances/MI_SpecularGlossiness_Opaque.uasset" 611
"../../../Engine/Plugins/Interchange/Assets/Content/gltf/MaterialInstances/MI_SpecularGlossiness_Opaque.uexp" 612
"../../../Engine/Plugins/Interchange/Assets/Content/gltf/MaterialInstances/MI_SpecularGlossiness_Opaque_DS.uasset" 613
"../../../Engine/Plugins/Interchange/Assets/Content/gltf/MaterialInstances/MI_SpecularGlossiness_Opaque_DS.uexp" 614
"../../../Engine/Content/EngineMaterials/Good64x64TilingNoiseHighFreq.uasset" 615
"../../../Engine/Content/EngineMaterials/Good64x64TilingNoiseHighFreq.uexp" 616
"../../../Engine/Content/Functions/Engine_MaterialFunctions02/Texturing/ScreenAlignedPixelToPixelUVs.uasset" 617
"../../../Engine/Content/Functions/Engine_MaterialFunctions02/Texturing/ScreenAlignedPixelToPixelUVs.uexp" 618
"../../../Engine/Plugins/Interchange/Assets/Content/gltf/MaterialFunctions/MF_Fresnel_DS.uasset" 619
"../../../Engine/Plugins/Interchange/Assets/Content/gltf/MaterialFunctions/MF_Fresnel_DS.uexp" 620
"../../../Engine/Plugins/Interchange/Assets/Content/gltf/MaterialFunctions/MF_Temporal_Blur.uasset" 621
"../../../Engine/Plugins/Interchange/Assets/Content/gltf/MaterialFunctions/MF_Temporal_Blur.uexp" 622
"../../../Engine/Plugins/Interchange/Assets/Content/gltf/MaterialFunctions/MF_Transmission.uasset" 623
"../../../Engine/Plugins/Interchange/Assets/Content/gltf/MaterialFunctions/MF_Transmission.uexp" 624
"../../../Engine/Plugins/Interchange/Assets/Content/gltf/MaterialBodies/MF_Transmission_Body.uasset" 625
"../../../Engine/Plugins/Interchange/Assets/Content/gltf/MaterialBodies/MF_Transmission_Body.uexp" 626
"../../../Engine/Plugins/Interchange/Assets/Content/gltf/M_Transmission.uasset" 627
"../../../Engine/Plugins/Interchange/Assets/Content/gltf/M_Transmission.uexp" 628
"../../../Engine/Plugins/Interchange/Assets/Content/gltf/MaterialInstances/MI_Transmission.uasset" 629
"../../../Engine/Plugins/Interchange/Assets/Content/gltf/MaterialInstances/MI_Transmission.uexp" 630
"../../../Engine/Plugins/Interchange/Assets/Content/gltf/MaterialInstances/MI_Transmission_DS.uasset" 631
"../../../Engine/Plugins/Interchange/Assets/Content/gltf/MaterialInstances/MI_Transmission_DS.uexp" 632
"../../../Engine/Plugins/Interchange/Assets/Content/gltf/MaterialBodies/MF_Unlit_Body.uasset" 633
"../../../Engine/Plugins/Interchange/Assets/Content/gltf/MaterialBodies/MF_Unlit_Body.uexp" 634
"../../../Engine/Plugins/Interchange/Assets/Content/gltf/M_Unlit.uasset" 635
"../../../Engine/Plugins/Interchange/Assets/Content/gltf/M_Unlit.uexp" 636
"../../../Engine/Plugins/Interchange/Assets/Content/gltf/MaterialInstances/MI_Unlit_Blend.uasset" 637
"../../../Engine/Plugins/Interchange/Assets/Content/gltf/MaterialInstances/MI_Unlit_Blend.uexp" 638
"../../../Engine/Plugins/Interchange/Assets/Content/gltf/MaterialInstances/MI_Unlit_Blend_DS.uasset" 639
"../../../Engine/Plugins/Interchange/Assets/Content/gltf/MaterialInstances/MI_Unlit_Blend_DS.uexp" 640
"../../../Engine/Plugins/Interchange/Assets/Content/gltf/MaterialInstances/MI_Unlit_Mask.uasset" 641
"../../../Engine/Plugins/Interchange/Assets/Content/gltf/MaterialInstances/MI_Unlit_Mask.uexp" 642
"../../../Engine/Plugins/Interchange/Assets/Content/gltf/MaterialInstances/MI_Unlit_Mask_DS.uasset" 643
"../../../Engine/Plugins/Interchange/Assets/Content/gltf/MaterialInstances/MI_Unlit_Mask_DS.uexp" 644
"../../../Engine/Plugins/Interchange/Assets/Content/gltf/MaterialInstances/MI_Unlit_Opaque.uasset" 645
"../../../Engine/Plugins/Interchange/Assets/Content/gltf/MaterialInstances/MI_Unlit_Opaque.uexp" 646
"../../../Engine/Plugins/Interchange/Assets/Content/gltf/MaterialInstances/MI_Unlit_Opaque_DS.uasset" 647
"../../../Engine/Plugins/Interchange/Assets/Content/gltf/MaterialInstances/MI_Unlit_Opaque_DS.uexp" 648
"../../../Engine/Content/ArtTools/RenderToTexture/Meshes/S_1_Unit_Plane.ubulk" 649
"../../../Engine/Content/ArtTools/RenderToTexture/Meshes/S_1_Unit_Plane.uasset" 650
"../../../Engine/Content/ArtTools/RenderToTexture/Meshes/S_1_Unit_Plane.uexp" 651
"C:/Users/rikuh/source/repos/Content/Input/Actions/IA_Jump.uasset" 652
"C:/Users/rikuh/source/repos/Content/Input/Actions/IA_Jump.uexp" 653
"C:/Users/rikuh/source/repos/Content/Input/Actions/IA_Look.uasset" 654
"C:/Users/rikuh/source/repos/Content/Input/Actions/IA_Look.uexp" 655
"C:/Users/rikuh/source/repos/Content/Input/Actions/IA_Move.uasset" 656
"C:/Users/rikuh/source/repos/Content/Input/Actions/IA_Move.uexp" 657
"C:/Users/rikuh/source/repos/Content/Input/IMC_Default.uasset" 658
"C:/Users/rikuh/source/repos/Content/Input/IMC_Default.uexp" 659
"C:/Users/rikuh/source/repos/Content/Input/Actions/IA_MouseLook.uasset" 660
"C:/Users/rikuh/source/repos/Content/Input/Actions/IA_MouseLook.uexp" 661
"C:/Users/rikuh/source/repos/Content/Input/IMC_MouseLook.uasset" 662
"C:/Users/rikuh/source/repos/Content/Input/IMC_MouseLook.uexp" 663
"C:/Users/rikuh/source/repos/Content/FirstPerson/Blueprints/BP_FirstPersonCameraManager.uasset" 664
"C:/Users/rikuh/source/repos/Content/FirstPerson/Blueprints/BP_FirstPersonCameraManager.uexp" 665
"../../../Engine/Content/MobileResources/HUD/VirtualJoystick_Thumb.uasset" 666
"../../../Engine/Content/MobileResources/HUD/VirtualJoystick_Thumb.uexp" 667
"C:/Users/rikuh/source/repos/Content/Input/Touch/BPI_TouchInterface.uasset" 668
"C:/Users/rikuh/source/repos/Content/Input/Touch/BPI_TouchInterface.uexp" 669
"../../../Engine/Content/MobileResources/HUD/VirtualJoystick_Background.uasset" 670
"../../../Engine/Content/MobileResources/HUD/VirtualJoystick_Background.uexp" 671
"C:/Users/rikuh/source/repos/Content/Input/Touch/UI_Thumbstick.uasset" 672
"C:/Users/rikuh/source/repos/Content/Input/Touch/UI_Thumbstick.uexp" 673
"C:/Users/rikuh/source/repos/Content/Input/Touch/UI_TouchSimple.uasset" 674
"C:/Users/rikuh/source/repos/Content/Input/Touch/UI_TouchSimple.uexp" 675
"C:/Users/rikuh/source/repos/Content/FirstPerson/Blueprints/BP_FirstPersonPlayerController.uasset" 676
"C:/Users/rikuh/source/repos/Content/FirstPerson/Blueprints/BP_FirstPersonPlayerController.uexp" 677
"C:/Users/rikuh/source/repos/Content/Characters/Mannequins/Meshes/SK_Mannequin.uasset" 678
"C:/Users/rikuh/source/repos/Content/Characters/Mannequins/Meshes/SK_Mannequin.uexp" 679
"C:/Users/rikuh/source/repos/Content/Characters/Mannequins/Rigs/PA_Mannequin.uasset" 680
"C:/Users/rikuh/source/repos/Content/Characters/Mannequins/Rigs/PA_Mannequin.uexp" 681
"../../../Engine/Content/Functions/Engine_MaterialFunctions02/Utility/BreakOutFloat2Components.uasset" 682
"../../../Engine/Content/Functions/Engine_MaterialFunctions02/Utility/BreakOutFloat2Components.uexp" 683
"../../../Engine/Content/Functions/Engine_MaterialFunctions01/Texturing/ScaleUVsByCenter.uasset" 684
"../../../Engine/Content/Functions/Engine_MaterialFunctions01/Texturing/ScaleUVsByCenter.uexp" 685
"C:/Users/rikuh/source/repos/Content/Characters/Mannequins/Textures/Manny/T_Manny_01_BN.ubulk" 686
"C:/Users/rikuh/source/repos/Content/Characters/Mannequins/Textures/Manny/T_Manny_01_BN.uasset" 687
"C:/Users/rikuh/source/repos/Content/Characters/Mannequins/Textures/Manny/T_Manny_01_BN.uexp" 688
"C:/Users/rikuh/source/repos/Content/Characters/Mannequins/Textures/Manny/T_Manny_01_D.ubulk" 689
"C:/Users/rikuh/source/repos/Content/Characters/Mannequins/Textures/Manny/T_Manny_01_D.uasset" 690
"C:/Users/rikuh/source/repos/Content/Characters/Mannequins/Textures/Manny/T_Manny_01_D.uexp" 691
"C:/Users/rikuh/source/repos/Content/Characters/Mannequins/Textures/Manny/T_Manny_01_MRA.ubulk" 692
"C:/Users/rikuh/source/repos/Content/Characters/Mannequins/Textures/Manny/T_Manny_01_MRA.uasset" 693
"C:/Users/rikuh/source/repos/Content/Characters/Mannequins/Textures/Manny/T_Manny_01_MRA.uexp" 694
"C:/Users/rikuh/source/repos/Content/Characters/Mannequins/Textures/Shared/T_UE_Logo_M.uasset" 695
"C:/Users/rikuh/source/repos/Content/Characters/Mannequins/Textures/Shared/T_UE_Logo_M.uexp" 696
"C:/Users/rikuh/source/repos/Content/Characters/Mannequins/Materials/M_Mannequin.uasset" 697
"C:/Users/rikuh/source/repos/Content/Characters/Mannequins/Materials/M_Mannequin.uexp" 698
"C:/Users/rikuh/source/repos/Content/Characters/Mannequins/Materials/Manny/MI_Manny_01_New.uasset" 699
"C:/Users/rikuh/source/repos/Content/Characters/Mannequins/Materials/Manny/MI_Manny_01_New.uexp" 700
"C:/Users/rikuh/source/repos/Content/Characters/Mannequins/Textures/Manny/T_Manny_02_BN.ubulk" 701
"C:/Users/rikuh/source/repos/Content/Characters/Mannequins/Textures/Manny/T_Manny_02_BN.uasset" 702
"C:/Users/rikuh/source/repos/Content/Characters/Mannequins/Textures/Manny/T_Manny_02_BN.uexp" 703
"C:/Users/rikuh/source/repos/Content/Characters/Mannequins/Textures/Manny/T_Manny_02_D.ubulk" 704
"C:/Users/rikuh/source/repos/Content/Characters/Mannequins/Textures/Manny/T_Manny_02_D.uasset" 705
"C:/Users/rikuh/source/repos/Content/Characters/Mannequins/Textures/Manny/T_Manny_02_D.uexp" 706
"C:/Users/rikuh/source/repos/Content/Characters/Mannequins/Textures/Manny/T_Manny_02_MRA.ubulk" 707
"C:/Users/rikuh/source/repos/Content/Characters/Mannequins/Textures/Manny/T_Manny_02_MRA.uasset" 708
"C:/Users/rikuh/source/repos/Content/Characters/Mannequins/Textures/Manny/T_Manny_02_MRA.uexp" 709
"C:/Users/rikuh/source/repos/Content/Characters/Mannequins/Materials/Manny/MI_Manny_02_New.uasset" 710
"C:/Users/rikuh/source/repos/Content/Characters/Mannequins/Materials/Manny/MI_Manny_02_New.uexp" 711
"C:/Users/rikuh/source/repos/Content/Characters/Mannequins/Meshes/SKM_Manny_Simple.uasset" 712
"C:/Users/rikuh/source/repos/Content/Characters/Mannequins/Meshes/SKM_Manny_Simple.uexp" 713
"C:/Users/rikuh/source/repos/Content/Project/Cord/DataTable/ST_SkillCardData.uasset" 714
"C:/Users/rikuh/source/repos/Content/Project/Cord/DataTable/ST_SkillCardData.uexp" 715
"C:/Users/rikuh/source/repos/Content/Project/Cord/DataTable/SkillCardDataTable.uasset" 716
"C:/Users/rikuh/source/repos/Content/Project/Cord/DataTable/SkillCardDataTable.uexp" 717
"C:/Users/rikuh/source/repos/Content/Project/Player/BluePrints/S_PlayerStatus.uasset" 718
"C:/Users/rikuh/source/repos/Content/Project/Player/BluePrints/S_PlayerStatus.uexp" 719
"C:/Users/rikuh/source/repos/Content/Project/Player/Assets/SE/MagecSE.ubulk" 720
"C:/Users/rikuh/source/repos/Content/Project/Player/Assets/SE/MagecSE.uasset" 721
"C:/Users/rikuh/source/repos/Content/Project/Player/Assets/SE/MagecSE.uexp" 722
"C:/Users/rikuh/source/repos/Content/Project/Cord/BluePrints/BP_BuffSkill.uasset" 723
"C:/Users/rikuh/source/repos/Content/Project/Cord/BluePrints/BP_BuffSkill.uexp" 724
"C:/Users/rikuh/source/repos/Content/Project/Cord/BluePrints/BP_CardFactory.uasset" 725
"C:/Users/rikuh/source/repos/Content/Project/Cord/BluePrints/BP_CardFactory.uexp" 726
"../../../Engine/Plugins/FX/Niagara/Content/Enums/ENiagaraSystemInactiveMode.uasset" 727
"../../../Engine/Plugins/FX/Niagara/Content/Enums/ENiagaraSystemInactiveMode.uexp" 728
"../../../Engine/Plugins/FX/Niagara/Content/Enums/ENiagara_EmitterStateOptions.uasset" 729
"../../../Engine/Plugins/FX/Niagara/Content/Enums/ENiagara_EmitterStateOptions.uexp" 730
"C:/Users/rikuh/source/repos/Content/NiagaraExamples/EffectTypes/NET_Gameplay_Looping.uasset" 731
"C:/Users/rikuh/source/repos/Content/NiagaraExamples/EffectTypes/NET_Gameplay_Looping.uexp" 732
"../../../Engine/Content/Functions/Engine_MaterialFunctions02/ScreenResolution.uasset" 733
"../../../Engine/Content/Functions/Engine_MaterialFunctions02/ScreenResolution.uexp" 734
"../../../Engine/Content/Functions/Engine_MaterialFunctions02/WorldPositionOffset/ComponentPivotLocation.uasset" 735
"../../../Engine/Content/Functions/Engine_MaterialFunctions02/WorldPositionOffset/ComponentPivotLocation.uexp" 736
"../../../Engine/Content/Functions/Engine_MaterialFunctions02/TransformToClipSpace.uasset" 737
"../../../Engine/Content/Functions/Engine_MaterialFunctions02/TransformToClipSpace.uexp" 738
"../../../Engine/Content/Functions/Engine_MaterialFunctions02/UVs/WorldSpaceAlignedScreenCoordinates.uasset" 739
"../../../Engine/Content/Functions/Engine_MaterialFunctions02/UVs/WorldSpaceAlignedScreenCoordinates.uexp" 740
"C:/Users/rikuh/source/repos/Content/NiagaraExamples/MPC_NiagaraExamples.uasset" 741
"C:/Users/rikuh/source/repos/Content/NiagaraExamples/MPC_NiagaraExamples.uexp" 742
"C:/Users/rikuh/source/repos/Content/NiagaraExamples/Textures/Noise/T_Hermite2Noise_CenteredTiling.ubulk" 743
"C:/Users/rikuh/source/repos/Content/NiagaraExamples/Textures/Noise/T_Hermite2Noise_CenteredTiling.uasset" 744
"C:/Users/rikuh/source/repos/Content/NiagaraExamples/Textures/Noise/T_Hermite2Noise_CenteredTiling.uexp" 745
"C:/Users/rikuh/source/repos/Content/NiagaraExamples/Materials/MaterialFunctions/MF_ExposureCompensation.uasset" 746
"C:/Users/rikuh/source/repos/Content/NiagaraExamples/Materials/MaterialFunctions/MF_ExposureCompensation.uexp" 747
"C:/Users/rikuh/source/repos/Content/NiagaraExamples/Materials/MasterMaterials/M_Mesh_Add.uasset" 748
"C:/Users/rikuh/source/repos/Content/NiagaraExamples/Materials/MasterMaterials/M_Mesh_Add.uexp" 749
"C:/Users/rikuh/source/repos/Content/NiagaraExamples/Materials/MI_Boundary_TechGrid.uasset" 750
"C:/Users/rikuh/source/repos/Content/NiagaraExamples/Materials/MI_Boundary_TechGrid.uexp" 751
"C:/Users/rikuh/source/repos/Content/NiagaraExamples/StaticMesh/SM_Cylinder_1Unit.ubulk" 752
"C:/Users/rikuh/source/repos/Content/NiagaraExamples/StaticMesh/SM_Cylinder_1Unit.uasset" 753
"C:/Users/rikuh/source/repos/Content/NiagaraExamples/StaticMesh/SM_Cylinder_1Unit.uexp" 754
"C:/Users/rikuh/source/repos/Content/NiagaraExamples/Materials/MasterMaterials/M_Decal_Boundary.uasset" 755
"C:/Users/rikuh/source/repos/Content/NiagaraExamples/Materials/MasterMaterials/M_Decal_Boundary.uexp" 756
"C:/Users/rikuh/source/repos/Content/NiagaraExamples/Textures/Flares/LensFlare_01.ubulk" 757
"C:/Users/rikuh/source/repos/Content/NiagaraExamples/Textures/Flares/LensFlare_01.uasset" 758
"C:/Users/rikuh/source/repos/Content/NiagaraExamples/Textures/Flares/LensFlare_01.uexp" 759
"C:/Users/rikuh/source/repos/Content/NiagaraExamples/Materials/MasterMaterials/M_Flare.uasset" 760
"C:/Users/rikuh/source/repos/Content/NiagaraExamples/Materials/MasterMaterials/M_Flare.uexp" 761
"C:/Users/rikuh/source/repos/Content/NiagaraExamples/Materials/MI_Flare.uasset" 762
"C:/Users/rikuh/source/repos/Content/NiagaraExamples/Materials/MI_Flare.uexp" 763
"C:/Users/rikuh/source/repos/Content/NiagaraExamples/FX_Misc/NS_Boundary_Cylinder.uasset" 764
"C:/Users/rikuh/source/repos/Content/NiagaraExamples/FX_Misc/NS_Boundary_Cylinder.uexp" 765
"../../../Engine/Plugins/FX/Niagara/Content/DefaultAssets/DefaultSpriteMaterial.uasset" 766
"../../../Engine/Plugins/FX/Niagara/Content/DefaultAssets/DefaultSpriteMaterial.uexp" 767
"../../../Engine/Plugins/FX/Niagara/Content/Enums/ENiagaraScaleColorMode.uasset" 768
"../../../Engine/Plugins/FX/Niagara/Content/Enums/ENiagaraScaleColorMode.uexp" 769
"../../../Engine/Plugins/FX/Niagara/Content/Enums/ENiagaraChannelCorrelation.uasset" 770
"../../../Engine/Plugins/FX/Niagara/Content/Enums/ENiagaraChannelCorrelation.uexp" 771
"../../../Engine/Plugins/FX/Niagara/Content/Enums/ENiagaraEmitterLifeCycleMode.uasset" 772
"../../../Engine/Plugins/FX/Niagara/Content/Enums/ENiagaraEmitterLifeCycleMode.uexp" 773
"../../../Engine/Plugins/FX/Niagara/Content/Enums/ENiagaraEmitterScalabilityMode_Limited.uasset" 774
"../../../Engine/Plugins/FX/Niagara/Content/Enums/ENiagaraEmitterScalabilityMode_Limited.uexp" 775
"../../../Engine/Plugins/FX/Niagara/Content/Enums/ENiagaraInactiveMode.uasset" 776
"../../../Engine/Plugins/FX/Niagara/Content/Enums/ENiagaraInactiveMode.uexp" 777
"../../../Engine/Plugins/FX/Niagara/Content/Enums/ENiagaraRandomnessEvaluation.uasset" 778
"../../../Engine/Plugins/FX/Niagara/Content/Enums/ENiagaraRandomnessEvaluation.uexp" 779
"../../../Engine/Plugins/FX/Niagara/Content/Enums/ENiagaraRandomnessMode.uasset" 780
"../../../Engine/Plugins/FX/Niagara/Content/Enums/ENiagaraRandomnessMode.uexp" 781
"../../../Engine/Plugins/FX/Niagara/Content/Enums/ENiagaraShapeTorusMode.uasset" 782
"../../../Engine/Plugins/FX/Niagara/Content/Enums/ENiagaraShapeTorusMode.uexp" 783
"../../../Engine/Plugins/FX/Niagara/Content/Enums/ENiagaraSphereDistributionMode.uasset" 784
"../../../Engine/Plugins/FX/Niagara/Content/Enums/ENiagaraSphereDistributionMode.uexp" 785
"../../../Engine/Plugins/FX/Niagara/Content/Enums/ENiagaraTorusDistributionMode.uasset" 786
"../../../Engine/Plugins/FX/Niagara/Content/Enums/ENiagaraTorusDistributionMode.uexp" 787
"../../../Engine/Plugins/FX/Niagara/Content/Enums/ENiagara_AttributeSamplingApplyOutput.uasset" 788
"../../../Engine/Plugins/FX/Niagara/Content/Enums/ENiagara_AttributeSamplingApplyOutput.uexp" 789
"../../../Engine/Plugins/FX/Niagara/Content/Enums/ENiagara_ColorInitializationMode.uasset" 790
"../../../Engine/Plugins/FX/Niagara/Content/Enums/ENiagara_ColorInitializationMode.uexp" 791
"../../../Engine/Plugins/FX/Niagara/Content/Enums/ENiagara_InfiniteLoopDuration.uasset" 792
"../../../Engine/Plugins/FX/Niagara/Content/Enums/ENiagara_InfiniteLoopDuration.uexp" 793
"../../../Engine/Plugins/FX/Niagara/Content/Enums/ENiagara_LifetimeMode.uasset" 794
"../../../Engine/Plugins/FX/Niagara/Content/Enums/ENiagara_LifetimeMode.uexp" 795
"../../../Engine/Plugins/FX/Niagara/Content/Enums/ENiagara_MassInitializationMode.uasset" 796
"../../../Engine/Plugins/FX/Niagara/Content/Enums/ENiagara_MassInitializationMode.uexp" 797
"../../../Engine/Plugins/FX/Niagara/Content/Enums/ENiagara_PositionInitializationMode.uasset" 798
"../../../Engine/Plugins/FX/Niagara/Content/Enums/ENiagara_PositionInitializationMode.uexp" 799
"../../../Engine/Plugins/FX/Niagara/Content/Enums/ENiagara_SizeScaleMode.uasset" 800
"../../../Engine/Plugins/FX/Niagara/Content/Enums/ENiagara_SizeScaleMode.uexp" 801
"../../../Engine/Plugins/FX/Niagara/Content/Enums/ENiagara_SpriteRotationMode.uasset" 802
"../../../Engine/Plugins/FX/Niagara/Content/Enums/ENiagara_SpriteRotationMode.uexp" 803
"../../../Engine/Plugins/FX/Niagara/Content/Enums/ENiagara_UVFlippingMode.uasset" 804
"../../../Engine/Plugins/FX/Niagara/Content/Enums/ENiagara_UVFlippingMode.uexp" 805
"../../../Engine/Plugins/FX/Niagara/Content/Enums/Angles/ENiagara_AngleInput.uasset" 806
"../../../Engine/Plugins/FX/Niagara/Content/Enums/Angles/ENiagara_AngleInput.uexp" 807
"../../../Engine/Plugins/FX/Niagara/Content/Enums/Location/ENiagaraRingDiscMode.uasset" 808
"../../../Engine/Plugins/FX/Niagara/Content/Enums/Location/ENiagaraRingDiscMode.uexp" 809
"../../../Engine/Plugins/FX/Niagara/Content/Enums/Location/ENiagara_BoxPlaneMode.uasset" 810
"../../../Engine/Plugins/FX/Niagara/Content/Enums/Location/ENiagara_BoxPlaneMode.uexp" 811
"../../../Engine/Plugins/FX/Niagara/Content/Enums/Location/ENiagara_ConeMode.uasset" 812
"../../../Engine/Plugins/FX/Niagara/Content/Enums/Location/ENiagara_ConeMode.uexp" 813
"../../../Engine/Plugins/FX/Niagara/Content/Enums/Location/ENiagara_CylinderMode.uasset" 814
"../../../Engine/Plugins/FX/Niagara/Content/Enums/Location/ENiagara_CylinderMode.uexp" 815
"../../../Engine/Plugins/FX/Niagara/Content/Enums/Location/ENiagara_LocationShapes.uasset" 816
"../../../Engine/Plugins/FX/Niagara/Content/Enums/Location/ENiagara_LocationShapes.uexp" 817
"../../../Engine/Plugins/FX/Niagara/Content/Enums/Ribbons/ENiagara_UnsetDirectSet.uasset" 818
"../../../Engine/Plugins/FX/Niagara/Content/Enums/Ribbons/ENiagara_UnsetDirectSet.uexp" 819
"../../../Engine/Plugins/FX/Niagara/Content/Enums/Ribbons/ENiagara_UnsetDirectSetRandom.uasset" 820
"../../../Engine/Plugins/FX/Niagara/Content/Enums/Ribbons/ENiagara_UnsetDirectSetRandom.uexp" 821
"../../../Engine/Plugins/FX/Niagara/Content/Enums/Transforms/ENiagara_OffsetMode.uasset" 822
"../../../Engine/Plugins/FX/Niagara/Content/Enums/Transforms/ENiagara_OffsetMode.uexp" 823
"../../../Engine/Plugins/FX/Niagara/Content/Enums/Transforms/ENiagara_RotationMode.uasset" 824
"../../../Engine/Plugins/FX/Niagara/Content/Enums/Transforms/ENiagara_RotationMode.uexp" 825
"../../../Engine/Plugins/FX/Niagara/Content/Enums/Transforms/ENiagara_ScaleMode.uasset" 826
"../../../Engine/Plugins/FX/Niagara/Content/Enums/Transforms/ENiagara_ScaleMode.uexp" 827
"../../../Engine/Plugins/FX/Niagara/Content/Enums/Transforms/ENiagara_TransformOrder.uasset" 828
"../../../Engine/Plugins/FX/Niagara/Content/Enums/Transforms/ENiagara_TransformOrder.uexp" 829
"../../../Engine/Plugins/FX/Niagara/Content/Enums/Transforms/ENiagara_TransformType.uasset" 830
"../../../Engine/Plugins/FX/Niagara/Content/Enums/Transforms/ENiagara_TransformType.uexp" 831
"../../../Engine/Plugins/FX/Niagara/Content/Enums/Utility/ENiagara_VelocityMode.uasset" 832
"../../../Engine/Plugins/FX/Niagara/Content/Enums/Utility/ENiagara_VelocityMode.uexp" 833
"../../../Engine/Plugins/FX/Niagara/Content/Icons/Modules/T_Icon_Scalability_Emitter.uasset" 834
"../../../Engine/Plugins/FX/Niagara/Content/Icons/Modules/T_Icon_Scalability_Emitter.uexp" 835
"../../../Engine/Plugins/FX/Niagara/Content/Icons/Modules/T_Icon_Scalability_System.uasset" 836
"../../../Engine/Plugins/FX/Niagara/Content/Icons/Modules/T_Icon_Scalability_System.uexp" 837
"../../../Engine/Plugins/FX/Niagara/Content/Icons/Modules/T_Icon_Solver_LimitAccel.uasset" 838
"../../../Engine/Plugins/FX/Niagara/Content/Icons/Modules/T_Icon_Solver_LimitAccel.uexp" 839
"../../../Engine/Plugins/FX/Niagara/Content/Icons/Modules/T_Icon_Solver_LimitSpeed.uasset" 840
"../../../Engine/Plugins/FX/Niagara/Content/Icons/Modules/T_Icon_Solver_LimitSpeed.uexp" 841
"../../../Engine/Plugins/FX/Niagara/Content/Icons/Modules/T_Icon_Solver_RotationalSolve.uasset" 842
"../../../Engine/Plugins/FX/Niagara/Content/Icons/Modules/T_Icon_Solver_RotationalSolve.uexp" 843
"../../../Engine/Plugins/FX/Niagara/Content/Icons/Modules/T_Icon_Particle_InfiniteLife.uasset" 844
"../../../Engine/Plugins/FX/Niagara/Content/Icons/Modules/T_Icon_Particle_InfiniteLife.uexp" 845
"../../../Engine/Plugins/FX/Niagara/Content/Enums/ENiagaraExpansionMode.uasset" 846
"../../../Engine/Plugins/FX/Niagara/Content/Enums/ENiagaraExpansionMode.uexp" 847
"../../../Engine/Plugins/FX/Niagara/Content/Enums/ENiagaraBooleanLogicOps_v2.uasset" 848
"../../../Engine/Plugins/FX/Niagara/Content/Enums/ENiagaraBooleanLogicOps_v2.uexp" 849
"../../../Engine/Plugins/FX/Niagara/Content/Enums/ENiagaraCalculateRadiusOptions.uasset" 850
"../../../Engine/Plugins/FX/Niagara/Content/Enums/ENiagaraCalculateRadiusOptions.uexp" 851
"../../../Engine/Plugins/FX/Niagara/Content/Enums/ENiagaraCollisionRadiusOptions.uasset" 852
"../../../Engine/Plugins/FX/Niagara/Content/Enums/ENiagaraCollisionRadiusOptions.uexp" 853
"../../../Engine/Plugins/FX/Niagara/Content/Enums/ENiagaraCurlNoiseQuality.uasset" 854
"../../../Engine/Plugins/FX/Niagara/Content/Enums/ENiagaraCurlNoiseQuality.uexp" 855
"../../../Engine/Plugins/FX/Niagara/Content/Enums/ENiagaraFrictionMergeType.uasset" 856
"../../../Engine/Plugins/FX/Niagara/Content/Enums/ENiagaraFrictionMergeType.uexp" 857
"../../../Engine/Plugins/FX/Niagara/Content/Enums/ENiagaraMeshOrSprite.uasset" 858
"../../../Engine/Plugins/FX/Niagara/Content/Enums/ENiagaraMeshOrSprite.uexp" 859
"../../../Engine/Plugins/FX/Niagara/Content/Enums/ENiagaraMeshTransforms.uasset" 860
"../../../Engine/Plugins/FX/Niagara/Content/Enums/ENiagaraMeshTransforms.uexp" 861
"../../../Engine/Plugins/FX/Niagara/Content/Enums/ENiagaraRestitutionMergeType.uasset" 862
"../../../Engine/Plugins/FX/Niagara/Content/Enums/ENiagaraRestitutionMergeType.uexp" 863
"../../../Engine/Plugins/FX/Niagara/Content/Enums/ENiagara_CPUCollisionType.uasset" 864
"../../../Engine/Plugins/FX/Niagara/Content/Enums/ENiagara_CPUCollisionType.uexp" 865
"../../../Engine/Plugins/FX/Niagara/Content/Enums/ENiagara_GPUCollisionType.uasset" 866
"../../../Engine/Plugins/FX/Niagara/Content/Enums/ENiagara_GPUCollisionType.uexp" 867
"../../../Engine/Plugins/FX/Niagara/Content/Enums/ENiagara_SubUVLookupModeV2.uasset" 868
"../../../Engine/Plugins/FX/Niagara/Content/Enums/ENiagara_SubUVLookupModeV2.uexp" 869
"../../../Engine/Plugins/FX/Niagara/Content/Enums/ENiagara_WrapClamp.uasset" 870
"../../../Engine/Plugins/FX/Niagara/Content/Enums/ENiagara_WrapClamp.uexp" 871
"../../../Engine/Plugins/FX/Niagara/Content/VectorFields/Assets/TilingCurl32.uasset" 872
"../../../Engine/Plugins/FX/Niagara/Content/VectorFields/Assets/TilingCurl32.uexp" 873
"../../../Engine/Plugins/FX/Niagara/Content/Enums/Utility/ENiagara_IntegerConversion.uasset" 874
"../../../Engine/Plugins/FX/Niagara/Content/Enums/Utility/ENiagara_IntegerConversion.uexp" 875
"../../../Engine/Plugins/FX/Niagara/Content/Enums/Collision/SceneDepthCollisionQueryMethod.uasset" 876
"../../../Engine/Plugins/FX/Niagara/Content/Enums/Collision/SceneDepthCollisionQueryMethod.uexp" 877
"../../../Engine/Plugins/FX/Niagara/Content/Enums/SpriteRenderer/ENiagara_AutomaticManual.uasset" 878
"../../../Engine/Plugins/FX/Niagara/Content/Enums/SpriteRenderer/ENiagara_AutomaticManual.uexp" 879
"../../../Engine/Plugins/FX/Niagara/Content/Enums/SpriteRenderer/ENiagara_FPSPlayrate.uasset" 880
"../../../Engine/Plugins/FX/Niagara/Content/Enums/SpriteRenderer/ENiagara_FPSPlayrate.uexp" 881
"../../../Engine/Plugins/FX/Niagara/Content/Enums/SpriteRenderer/ENiagara_ScaleSpriteSize.uasset" 882
"../../../Engine/Plugins/FX/Niagara/Content/Enums/SpriteRenderer/ENiagara_ScaleSpriteSize.uexp" 883
"../../../Engine/Plugins/FX/Niagara/Content/Enums/Transforms/ENiagara_MeshOrientationOptions.uasset" 884
"../../../Engine/Plugins/FX/Niagara/Content/Enums/Transforms/ENiagara_MeshOrientationOptions.uexp" 885
"../../../Engine/Plugins/FX/Niagara/Content/Enums/Utility/ENiagara_DynamicMaterialParametersInputMode.uasset" 886
"../../../Engine/Plugins/FX/Niagara/Content/Enums/Utility/ENiagara_DynamicMaterialParametersInputMode.uexp" 887
"../../../Engine/Plugins/FX/Niagara/Content/Enums/Utility/ENiagara_OrientVectorCount.uasset" 888
"../../../Engine/Plugins/FX/Niagara/Content/Enums/Utility/ENiagara_OrientVectorCount.uexp" 889
"../../../Engine/Plugins/FX/Niagara/Content/Enums/Utility/ENiagara_UpdateMeshOrientationMode.uasset" 890
"../../../Engine/Plugins/FX/Niagara/Content/Enums/Utility/ENiagara_UpdateMeshOrientationMode.uexp" 891
"../../../Engine/Plugins/FX/Niagara/Content/Enums/Wind/ENiagaraWindCombingMode.uasset" 892
"../../../Engine/Plugins/FX/Niagara/Content/Enums/Wind/ENiagaraWindCombingMode.uexp" 893
"../../../Engine/Plugins/FX/Niagara/Content/Enums/Wind/ENiagaraWindFrictionDistanceMode.uasset" 894
"../../../Engine/Plugins/FX/Niagara/Content/Enums/Wind/ENiagaraWindFrictionDistanceMode.uexp" 895
"../../../Engine/Plugins/FX/Niagara/Content/Enums/Wind/ENiagaraWindFrictionMode.uasset" 896
"../../../Engine/Plugins/FX/Niagara/Content/Enums/Wind/ENiagaraWindFrictionMode.uexp" 897
"../../../Engine/Plugins/FX/Niagara/Content/Enums/Wind/ENiagaraWindGroundMaskMode.uasset" 898
"../../../Engine/Plugins/FX/Niagara/Content/Enums/Wind/ENiagaraWindGroundMaskMode.uexp" 899
"../../../Engine/Plugins/FX/Niagara/Content/Enums/Wind/ENiagaraWindOffsetMode.uasset" 900
"../../../Engine/Plugins/FX/Niagara/Content/Enums/Wind/ENiagaraWindOffsetMode.uexp" 901
"../../../Engine/Plugins/FX/Niagara/Content/Enums/Wind/ENiagaraWindTurbulenceContributionMode.uasset" 902
"../../../Engine/Plugins/FX/Niagara/Content/Enums/Wind/ENiagaraWindTurbulenceContributionMode.uexp" 903
"../../../Engine/Plugins/FX/Niagara/Content/Enums/Wind/ENiagaraWindTurbulenceFrequencyMode.uasset" 904
"../../../Engine/Plugins/FX/Niagara/Content/Enums/Wind/ENiagaraWindTurbulenceFrequencyMode.uexp" 905
"../../../Engine/Plugins/FX/Niagara/Content/Enums/Wind/ENiagaraWindTurbulenceMode.uasset" 906
"../../../Engine/Plugins/FX/Niagara/Content/Enums/Wind/ENiagaraWindTurbulenceMode.uexp" 907
"../../../Engine/Plugins/FX/Niagara/Content/Enums/ENiagara_Float4Channel.uasset" 908
"../../../Engine/Plugins/FX/Niagara/Content/Enums/ENiagara_Float4Channel.uexp" 909
"../../../Engine/Plugins/FX/Niagara/Content/Enums/ENiagaraVector4_Channels.uasset" 910
"../../../Engine/Plugins/FX/Niagara/Content/Enums/ENiagaraVector4_Channels.uexp" 911
"../../../Engine/Plugins/FX/Niagara/Content/Enums/ENiagaraBooleanLogicOps.uasset" 912
"../../../Engine/Plugins/FX/Niagara/Content/Enums/ENiagaraBooleanLogicOps.uexp" 913
"../../../Engine/Plugins/FX/Niagara/Content/VectorFields/Assets/TilingCurl16.uasset" 914
"../../../Engine/Plugins/FX/Niagara/Content/VectorFields/Assets/TilingCurl16.uexp" 915
"../../../Engine/Plugins/FX/Niagara/Content/VectorFields/Assets/TilingCurl64.uasset" 916
"../../../Engine/Plugins/FX/Niagara/Content/VectorFields/Assets/TilingCurl64.uexp" 917
"../../../Engine/Plugins/FX/Niagara/Content/Enums/ENiagara_SubUVLookupMode.uasset" 918
"../../../Engine/Plugins/FX/Niagara/Content/Enums/ENiagara_SubUVLookupMode.uexp" 919
"C:/Users/rikuh/source/repos/Content/NiagaraExamples/NPC_NiagaraExamples.uasset" 920
"C:/Users/rikuh/source/repos/Content/NiagaraExamples/NPC_NiagaraExamples.uexp" 921
"../../../Engine/Content/EngineMaterials/DefaultDiffuse.ubulk" 922
"../../../Engine/Content/EngineMaterials/DefaultDiffuse.uasset" 923
"../../../Engine/Content/EngineMaterials/DefaultDiffuse.uexp" 924
"../../../Engine/Content/Functions/Engine_MaterialFunctions03/Texturing/SubUV_Function.uasset" 925
"../../../Engine/Content/Functions/Engine_MaterialFunctions03/Texturing/SubUV_Function.uexp" 926
"C:/Users/rikuh/source/repos/Content/NiagaraExamples/Textures/Decals/ExplosionDecalMasks.ubulk" 927
"C:/Users/rikuh/source/repos/Content/NiagaraExamples/Textures/Decals/ExplosionDecalMasks.uasset" 928
"C:/Users/rikuh/source/repos/Content/NiagaraExamples/Textures/Decals/ExplosionDecalMasks.uexp" 929
"C:/Users/rikuh/source/repos/Content/NiagaraExamples/Materials/MaterialFunctions/MF_DecalNormalFade.uasset" 930
"C:/Users/rikuh/source/repos/Content/NiagaraExamples/Materials/MaterialFunctions/MF_DecalNormalFade.uexp" 931
"C:/Users/rikuh/source/repos/Content/NiagaraExamples/Materials/MasterMaterials/M_Decal_SubUV.uasset" 932
"C:/Users/rikuh/source/repos/Content/NiagaraExamples/Materials/MasterMaterials/M_Decal_SubUV.uexp" 933
"C:/Users/rikuh/source/repos/Content/NiagaraExamples/Materials/MI_Explosion_Decal.uasset" 934
"C:/Users/rikuh/source/repos/Content/NiagaraExamples/Materials/MI_Explosion_Decal.uexp" 935
"C:/Users/rikuh/source/repos/Content/NiagaraExamples/Materials/MI_Explosion_Decal_Frame0.uasset" 936
"C:/Users/rikuh/source/repos/Content/NiagaraExamples/Materials/MI_Explosion_Decal_Frame0.uexp" 937
"C:/Users/rikuh/source/repos/Content/NiagaraExamples/EffectTypes/NET_Gameplay_Burst.uasset" 938
"C:/Users/rikuh/source/repos/Content/NiagaraExamples/EffectTypes/NET_Gameplay_Burst.uexp" 939
"C:/Users/rikuh/source/repos/Content/NiagaraExamples/Materials/MI_ExplosionFlare.uasset" 940
"C:/Users/rikuh/source/repos/Content/NiagaraExamples/Materials/MI_ExplosionFlare.uexp" 941
"C:/Users/rikuh/source/repos/Content/NiagaraExamples/Textures/Sprites/T_ExplosionRoil_EOO_Loop.ubulk" 942
"C:/Users/rikuh/source/repos/Content/NiagaraExamples/Textures/Sprites/T_ExplosionRoil_EOO_Loop.uasset" 943
"C:/Users/rikuh/source/repos/Content/NiagaraExamples/Textures/Sprites/T_ExplosionRoil_EOO_Loop.uexp" 944
"../../../Engine/Content/Functions/Engine_MaterialFunctions03/Math/RemapValueRangeNormalized.uasset" 945
"../../../Engine/Content/Functions/Engine_MaterialFunctions03/Math/RemapValueRangeNormalized.uexp" 946
"C:/Users/rikuh/source/repos/Content/NiagaraExamples/Textures/Utils/BaseEOO.uasset" 947
"C:/Users/rikuh/source/repos/Content/NiagaraExamples/Textures/Utils/BaseEOO.uexp" 948
"C:/Users/rikuh/source/repos/Content/NiagaraExamples/Textures/Utils/BaseNormal.uasset" 949
"C:/Users/rikuh/source/repos/Content/NiagaraExamples/Textures/Utils/BaseNormal.uexp" 950
"C:/Users/rikuh/source/repos/Content/NiagaraExamples/Materials/MaterialFunctions/MF_FastSphereNormal.uasset" 951
"C:/Users/rikuh/source/repos/Content/NiagaraExamples/Materials/MaterialFunctions/MF_FastSphereNormal.uexp" 952
"C:/Users/rikuh/source/repos/Content/NiagaraExamples/Textures/ColorCurves/EmissiveColorCurve.uasset" 953
"C:/Users/rikuh/source/repos/Content/NiagaraExamples/Textures/ColorCurves/EmissiveColorCurve.uexp" 954
"C:/Users/rikuh/source/repos/Content/NiagaraExamples/Textures/ColorCurves/Atlas_FXColorCurves.uasset" 955
"C:/Users/rikuh/source/repos/Content/NiagaraExamples/Textures/ColorCurves/Atlas_FXColorCurves.uexp" 956
"C:/Users/rikuh/source/repos/Content/NiagaraExamples/Materials/MasterMaterials/M_SmokeAndFire_Sprites.uasset" 957
"C:/Users/rikuh/source/repos/Content/NiagaraExamples/Materials/MasterMaterials/M_SmokeAndFire_Sprites.uexp" 958
"C:/Users/rikuh/source/repos/Content/NiagaraExamples/Textures/Sprites/T_ExplosionRoil_Normals_Loop.ubulk" 959
"C:/Users/rikuh/source/repos/Content/NiagaraExamples/Textures/Sprites/T_ExplosionRoil_Normals_Loop.uasset" 960
"C:/Users/rikuh/source/repos/Content/NiagaraExamples/Textures/Sprites/T_ExplosionRoil_Normals_Loop.uexp" 961
"C:/Users/rikuh/source/repos/Content/NiagaraExamples/Materials/MI_ExplosionRoil_8x8.uasset" 962
"C:/Users/rikuh/source/repos/Content/NiagaraExamples/Materials/MI_ExplosionRoil_8x8.uexp" 963
"../../../Engine/Content/Functions/Engine_MaterialFunctions01/Gradient/LinearGradient.uasset" 964
"../../../Engine/Content/Functions/Engine_MaterialFunctions01/Gradient/LinearGradient.uexp" 965
"../../../Engine/Content/Functions/Engine_MaterialFunctions02/ExampleContent/Textures/SphereRenderHeightMap.ubulk" 966
"../../../Engine/Content/Functions/Engine_MaterialFunctions02/ExampleContent/Textures/SphereRenderHeightMap.uasset" 967
"../../../Engine/Content/Functions/Engine_MaterialFunctions02/ExampleContent/Textures/SphereRenderHeightMap.uexp" 968
"../../../Engine/Content/Functions/Engine_MaterialFunctions02/ExampleContent/Textures/SphereRenderMask.ubulk" 969
"../../../Engine/Content/Functions/Engine_MaterialFunctions02/ExampleContent/Textures/SphereRenderMask.uasset" 970
"../../../Engine/Content/Functions/Engine_MaterialFunctions02/ExampleContent/Textures/SphereRenderMask.uexp" 971
"../../../Engine/Content/Functions/Engine_MaterialFunctions02/ExampleContent/Textures/SphereRenderNormalsMap.ubulk" 972
"../../../Engine/Content/Functions/Engine_MaterialFunctions02/ExampleContent/Textures/SphereRenderNormalsMap.uasset" 973
"../../../Engine/Content/Functions/Engine_MaterialFunctions02/ExampleContent/Textures/SphereRenderNormalsMap.uexp" 974
"../../../Engine/Content/Functions/Engine_MaterialFunctions02/Gradients/StretchGradient.uasset" 975
"../../../Engine/Content/Functions/Engine_MaterialFunctions02/Gradients/StretchGradient.uexp" 976
"../../../Engine/Content/Functions/Engine_MaterialFunctions02/WorldPositionOffset/Sprite_Capsule.uasset" 977
"../../../Engine/Content/Functions/Engine_MaterialFunctions02/WorldPositionOffset/Sprite_Capsule.uexp" 978
"C:/Users/rikuh/source/repos/Content/NiagaraExamples/Materials/MaterialFunctions/MF_MotionStretchSpark.uasset" 979
"C:/Users/rikuh/source/repos/Content/NiagaraExamples/Materials/MaterialFunctions/MF_MotionStretchSpark.uexp" 980
"C:/Users/rikuh/source/repos/Content/NiagaraExamples/Materials/MasterMaterials/M_Pebbles.uasset" 981
"C:/Users/rikuh/source/repos/Content/NiagaraExamples/Materials/MasterMaterials/M_Pebbles.uexp" 982
"C:/Users/rikuh/source/repos/Content/NiagaraExamples/Materials/MI_Pebbles.uasset" 983
"C:/Users/rikuh/source/repos/Content/NiagaraExamples/Materials/MI_Pebbles.uexp" 984
"../../../Engine/Content/EngineResources/DefaultTexture.ubulk" 985
"../../../Engine/Content/EngineResources/DefaultTexture.uasset" 986
"../../../Engine/Content/EngineResources/DefaultTexture.uexp" 987
"../../../Engine/Content/Functions/Engine_MaterialFunctions03/Procedurals/NormalFromHeightmap.uasset" 988
"../../../Engine/Content/Functions/Engine_MaterialFunctions03/Procedurals/NormalFromHeightmap.uexp" 989
"C:/Users/rikuh/source/repos/Content/NiagaraExamples/Materials/MasterMaterials/M_SimpleDebris.uasset" 990
"C:/Users/rikuh/source/repos/Content/NiagaraExamples/Materials/MasterMaterials/M_SimpleDebris.uexp" 991
"C:/Users/rikuh/source/repos/Content/NiagaraExamples/Materials/MI_SimpleDebris.uasset" 992
"C:/Users/rikuh/source/repos/Content/NiagaraExamples/Materials/MI_SimpleDebris.uexp" 993
"C:/Users/rikuh/source/repos/Content/NiagaraExamples/Materials/MasterMaterials/M_Sparks.uasset" 994
"C:/Users/rikuh/source/repos/Content/NiagaraExamples/Materials/MasterMaterials/M_Sparks.uexp" 995
"C:/Users/rikuh/source/repos/Content/NiagaraExamples/Materials/MI_Sparks.uasset" 996
"C:/Users/rikuh/source/repos/Content/NiagaraExamples/Materials/MI_Sparks.uexp" 997
"C:/Users/rikuh/source/repos/Content/NiagaraExamples/Materials/MasterMaterials/M_Quixel_Simple.uasset" 998
"C:/Users/rikuh/source/repos/Content/NiagaraExamples/Materials/MasterMaterials/M_Quixel_Simple.uexp" 999
"C:/Users/rikuh/source/repos/Content/NiagaraExamples/StaticMesh/Concrete_Rubble_uc1iccejw/T_ConcreteRubble_uc1iccejw_1K_DpR.ubulk" 1000
"C:/Users/rikuh/source/repos/Content/NiagaraExamples/StaticMesh/Concrete_Rubble_uc1iccejw/T_ConcreteRubble_uc1iccejw_1K_DpR.uasset" 1001
"C:/Users/rikuh/source/repos/Content/NiagaraExamples/StaticMesh/Concrete_Rubble_uc1iccejw/T_ConcreteRubble_uc1iccejw_1K_DpR.uexp" 1002
"C:/Users/rikuh/source/repos/Content/NiagaraExamples/StaticMesh/Concrete_Rubble_uc1iccejw/T_Concrete_Rubble_uc1iccejw_1K_D.ubulk" 1003
"C:/Users/rikuh/source/repos/Content/NiagaraExamples/StaticMesh/Concrete_Rubble_uc1iccejw/T_Concrete_Rubble_uc1iccejw_1K_D.uasset" 1004
"C:/Users/rikuh/source/repos/Content/NiagaraExamples/StaticMesh/Concrete_Rubble_uc1iccejw/T_Concrete_Rubble_uc1iccejw_1K_D.uexp" 1005
"C:/Users/rikuh/source/repos/Content/NiagaraExamples/StaticMesh/Concrete_Rubble_uc1iccejw/T_Concrete_Rubble_uc1iccejw_1K_N.ubulk" 1006
"C:/Users/rikuh/source/repos/Content/NiagaraExamples/StaticMesh/Concrete_Rubble_uc1iccejw/T_Concrete_Rubble_uc1iccejw_1K_N.uasset" 1007
"C:/Users/rikuh/source/repos/Content/NiagaraExamples/StaticMesh/Concrete_Rubble_uc1iccejw/T_Concrete_Rubble_uc1iccejw_1K_N.uexp" 1008
"C:/Users/rikuh/source/repos/Content/NiagaraExamples/StaticMesh/Concrete_Rubble_uc1iccejw/MI_Concrete_Rubble_uc1iccejw_1K.uasset" 1009
"C:/Users/rikuh/source/repos/Content/NiagaraExamples/StaticMesh/Concrete_Rubble_uc1iccejw/MI_Concrete_Rubble_uc1iccejw_1K.uexp" 1010
"C:/Users/rikuh/source/repos/Content/NiagaraExamples/StaticMesh/S_Concrete_Rubble_uc1iccejw.ubulk" 1011
"C:/Users/rikuh/source/repos/Content/NiagaraExamples/StaticMesh/S_Concrete_Rubble_uc1iccejw.uasset" 1012
"C:/Users/rikuh/source/repos/Content/NiagaraExamples/StaticMesh/S_Concrete_Rubble_uc1iccejw.uexp" 1013
"C:/Users/rikuh/source/repos/Content/NiagaraExamples/StaticMesh/Concrete_Rubble_uc1jagbjw/T_ConcreteRubble_uc1jagbjw_1K_DpR.ubulk" 1014
"C:/Users/rikuh/source/repos/Content/NiagaraExamples/StaticMesh/Concrete_Rubble_uc1jagbjw/T_ConcreteRubble_uc1jagbjw_1K_DpR.uasset" 1015
"C:/Users/rikuh/source/repos/Content/NiagaraExamples/StaticMesh/Concrete_Rubble_uc1jagbjw/T_ConcreteRubble_uc1jagbjw_1K_DpR.uexp" 1016
"C:/Users/rikuh/source/repos/Content/NiagaraExamples/StaticMesh/Concrete_Rubble_uc1jagbjw/T_Concrete_Rubble_uc1jagbjw_1K_D.ubulk" 1017
"C:/Users/rikuh/source/repos/Content/NiagaraExamples/StaticMesh/Concrete_Rubble_uc1jagbjw/T_Concrete_Rubble_uc1jagbjw_1K_D.uasset" 1018
"C:/Users/rikuh/source/repos/Content/NiagaraExamples/StaticMesh/Concrete_Rubble_uc1jagbjw/T_Concrete_Rubble_uc1jagbjw_1K_D.uexp" 1019
"C:/Users/rikuh/source/repos/Content/NiagaraExamples/StaticMesh/Concrete_Rubble_uc1jagbjw/T_Concrete_Rubble_uc1jagbjw_1K_N.ubulk" 1020
"C:/Users/rikuh/source/repos/Content/NiagaraExamples/StaticMesh/Concrete_Rubble_uc1jagbjw/T_Concrete_Rubble_uc1jagbjw_1K_N.uasset" 1021
"C:/Users/rikuh/source/repos/Content/NiagaraExamples/StaticMesh/Concrete_Rubble_uc1jagbjw/T_Concrete_Rubble_uc1jagbjw_1K_N.uexp" 1022
"C:/Users/rikuh/source/repos/Content/NiagaraExamples/StaticMesh/Concrete_Rubble_uc1jagbjw/MI_Concrete_Rubble_uc1jagbjw_1K.uasset" 1023
"C:/Users/rikuh/source/repos/Content/NiagaraExamples/StaticMesh/Concrete_Rubble_uc1jagbjw/MI_Concrete_Rubble_uc1jagbjw_1K.uexp" 1024
"C:/Users/rikuh/source/repos/Content/NiagaraExamples/StaticMesh/S_Concrete_Rubble_uc1jagbjw.ubulk" 1025
"C:/Users/rikuh/source/repos/Content/NiagaraExamples/StaticMesh/S_Concrete_Rubble_uc1jagbjw.uasset" 1026
"C:/Users/rikuh/source/repos/Content/NiagaraExamples/StaticMesh/S_Concrete_Rubble_uc1jagbjw.uexp" 1027
"C:/Users/rikuh/source/repos/Content/NiagaraExamples/StaticMesh/Concrete_Rubble_uc1jagnjw/T_ConcreteRubble_uc1jagnjw_1K_DpR.ubulk" 1028
"C:/Users/rikuh/source/repos/Content/NiagaraExamples/StaticMesh/Concrete_Rubble_uc1jagnjw/T_ConcreteRubble_uc1jagnjw_1K_DpR.uasset" 1029
"C:/Users/rikuh/source/repos/Content/NiagaraExamples/StaticMesh/Concrete_Rubble_uc1jagnjw/T_ConcreteRubble_uc1jagnjw_1K_DpR.uexp" 1030
"C:/Users/rikuh/source/repos/Content/NiagaraExamples/StaticMesh/Concrete_Rubble_uc1jagnjw/T_Concrete_Rubble_uc1jagnjw_1K_D.ubulk" 1031
"C:/Users/rikuh/source/repos/Content/NiagaraExamples/StaticMesh/Concrete_Rubble_uc1jagnjw/T_Concrete_Rubble_uc1jagnjw_1K_D.uasset" 1032
"C:/Users/rikuh/source/repos/Content/NiagaraExamples/StaticMesh/Concrete_Rubble_uc1jagnjw/T_Concrete_Rubble_uc1jagnjw_1K_D.uexp" 1033
"C:/Users/rikuh/source/repos/Content/NiagaraExamples/StaticMesh/Concrete_Rubble_uc1jagnjw/T_Concrete_Rubble_uc1jagnjw_1K_N.ubulk" 1034
"C:/Users/rikuh/source/repos/Content/NiagaraExamples/StaticMesh/Concrete_Rubble_uc1jagnjw/T_Concrete_Rubble_uc1jagnjw_1K_N.uasset" 1035
"C:/Users/rikuh/source/repos/Content/NiagaraExamples/StaticMesh/Concrete_Rubble_uc1jagnjw/T_Concrete_Rubble_uc1jagnjw_1K_N.uexp" 1036
"C:/Users/rikuh/source/repos/Content/NiagaraExamples/StaticMesh/Concrete_Rubble_uc1jagnjw/MI_Concrete_Rubble_uc1jagnjw_1K.uasset" 1037
"C:/Users/rikuh/source/repos/Content/NiagaraExamples/StaticMesh/Concrete_Rubble_uc1jagnjw/MI_Concrete_Rubble_uc1jagnjw_1K.uexp" 1038
"C:/Users/rikuh/source/repos/Content/NiagaraExamples/StaticMesh/S_Concrete_Rubble_uc1jagnjw.ubulk" 1039
"C:/Users/rikuh/source/repos/Content/NiagaraExamples/StaticMesh/S_Concrete_Rubble_uc1jagnjw.uasset" 1040
"C:/Users/rikuh/source/repos/Content/NiagaraExamples/StaticMesh/S_Concrete_Rubble_uc1jagnjw.uexp" 1041
"C:/Users/rikuh/source/repos/Content/NiagaraExamples/StaticMesh/Rock_shopk/T_Rock_shopk_2K_D.ubulk" 1042
"C:/Users/rikuh/source/repos/Content/NiagaraExamples/StaticMesh/Rock_shopk/T_Rock_shopk_2K_D.uasset" 1043
"C:/Users/rikuh/source/repos/Content/NiagaraExamples/StaticMesh/Rock_shopk/T_Rock_shopk_2K_D.uexp" 1044
"C:/Users/rikuh/source/repos/Content/NiagaraExamples/StaticMesh/Rock_shopk/T_Rock_shopk_2K_DpR.ubulk" 1045
"C:/Users/rikuh/source/repos/Content/NiagaraExamples/StaticMesh/Rock_shopk/T_Rock_shopk_2K_DpR.uasset" 1046
"C:/Users/rikuh/source/repos/Content/NiagaraExamples/StaticMesh/Rock_shopk/T_Rock_shopk_2K_DpR.uexp" 1047
"C:/Users/rikuh/source/repos/Content/NiagaraExamples/StaticMesh/Rock_shopk/T_Rock_shopk_2K_N.ubulk" 1048
"C:/Users/rikuh/source/repos/Content/NiagaraExamples/StaticMesh/Rock_shopk/T_Rock_shopk_2K_N.uasset" 1049
"C:/Users/rikuh/source/repos/Content/NiagaraExamples/StaticMesh/Rock_shopk/T_Rock_shopk_2K_N.uexp" 1050
"C:/Users/rikuh/source/repos/Content/NiagaraExamples/StaticMesh/Rock_shopk/MI_Rock_shopk_2K.uasset" 1051
"C:/Users/rikuh/source/repos/Content/NiagaraExamples/StaticMesh/Rock_shopk/MI_Rock_shopk_2K.uexp" 1052
"C:/Users/rikuh/source/repos/Content/NiagaraExamples/StaticMesh/S_Rock_shopk.ubulk" 1053
"C:/Users/rikuh/source/repos/Content/NiagaraExamples/StaticMesh/S_Rock_shopk.uasset" 1054
"C:/Users/rikuh/source/repos/Content/NiagaraExamples/StaticMesh/S_Rock_shopk.uexp" 1055
"C:/Users/rikuh/source/repos/Content/NiagaraExamples/FX_Explosions/CameraShake/CS_Explosion_01.uasset" 1056
"C:/Users/rikuh/source/repos/Content/NiagaraExamples/FX_Explosions/CameraShake/CS_Explosion_01.uexp" 1057
"C:/Users/rikuh/source/repos/Content/NiagaraExamples/Textures/Sprites/T_SmokeTrail_EOO_Loop.ubulk" 1058
"C:/Users/rikuh/source/repos/Content/NiagaraExamples/Textures/Sprites/T_SmokeTrail_EOO_Loop.uasset" 1059
"C:/Users/rikuh/source/repos/Content/NiagaraExamples/Textures/Sprites/T_SmokeTrail_EOO_Loop.uexp" 1060
"C:/Users/rikuh/source/repos/Content/NiagaraExamples/Textures/Sprites/T_SmokeTrail_Normals_Loop.ubulk" 1061
"C:/Users/rikuh/source/repos/Content/NiagaraExamples/Textures/Sprites/T_SmokeTrail_Normals_Loop.uasset" 1062
"C:/Users/rikuh/source/repos/Content/NiagaraExamples/Textures/Sprites/T_SmokeTrail_Normals_Loop.uexp" 1063
"C:/Users/rikuh/source/repos/Content/NiagaraExamples/Materials/MI_SmokeTrail_2x16.uasset" 1064
"C:/Users/rikuh/source/repos/Content/NiagaraExamples/Materials/MI_SmokeTrail_2x16.uexp" 1065
"C:/Users/rikuh/source/repos/Content/NiagaraExamples/FX_Explosions/NS_Explosion.uasset" 1066
"C:/Users/rikuh/source/repos/Content/NiagaraExamples/FX_Explosions/NS_Explosion.uexp" 1067
"../../../Engine/Content/EngineMaterials/DefaultNormal.ubulk" 1068
"../../../Engine/Content/EngineMaterials/DefaultNormal.uasset" 1069
"../../../Engine/Content/EngineMaterials/DefaultNormal.uexp" 1070
"../../../Engine/Content/EngineMaterials/BaseFlattenLinearColor.uasset" 1071
"../../../Engine/Content/EngineMaterials/BaseFlattenLinearColor.uexp" 1072
"../../../Engine/Plugins/Interchange/Assets/Content/Functions/MF_PhongToMetalRoughness.uasset" 1073
"../../../Engine/Plugins/Interchange/Assets/Content/Functions/MF_PhongToMetalRoughness.uexp" 1074
"../../../Engine/Plugins/Interchange/Assets/Content/Materials/FBXLegacyPhongSurfaceMaterial.uasset" 1075
"../../../Engine/Plugins/Interchange/Assets/Content/Materials/FBXLegacyPhongSurfaceMaterial.uexp" 1076
"C:/Users/rikuh/source/repos/Content/Project/Player/Assets/Models/drone/aiStandardSurface1.uasset" 1077
"C:/Users/rikuh/source/repos/Content/Project/Player/Assets/Models/drone/aiStandardSurface1.uexp" 1078
"C:/Users/rikuh/source/repos/Content/Project/Player/Assets/Models/drone/Drone_PhysicsAsset.uasset" 1079
"C:/Users/rikuh/source/repos/Content/Project/Player/Assets/Models/drone/Drone_PhysicsAsset.uexp" 1080
"C:/Users/rikuh/source/repos/Content/Project/Player/Assets/Models/drone/Drone_Skeleton.uasset" 1081
"C:/Users/rikuh/source/repos/Content/Project/Player/Assets/Models/drone/Drone_Skeleton.uexp" 1082
"C:/Users/rikuh/source/repos/Content/Project/Player/Assets/Models/drone/Drone.uasset" 1083
"C:/Users/rikuh/source/repos/Content/Project/Player/Assets/Models/drone/Drone.uexp" 1084
"C:/Users/rikuh/source/repos/Content/Project/Player/Assets/Material/M_EnemyDrone.uasset" 1085
"C:/Users/rikuh/source/repos/Content/Project/Player/Assets/Material/M_EnemyDrone.uexp" 1086
"C:/Users/rikuh/source/repos/Content/Project/Player/BluePrints/S_EnemyStatus.uasset" 1087
"C:/Users/rikuh/source/repos/Content/Project/Player/BluePrints/S_EnemyStatus.uexp" 1088
"C:/Users/rikuh/source/repos/Content/Project/Player/Assets/SE/drop.ubulk" 1089
"C:/Users/rikuh/source/repos/Content/Project/Player/Assets/SE/drop.uasset" 1090
"C:/Users/rikuh/source/repos/Content/Project/Player/Assets/SE/drop.uexp" 1091
"C:/Users/rikuh/source/repos/Content/Project/Player/Assets/SE/jump.ubulk" 1092
"C:/Users/rikuh/source/repos/Content/Project/Player/Assets/SE/jump.uasset" 1093
"C:/Users/rikuh/source/repos/Content/Project/Player/Assets/SE/jump.uexp" 1094
"C:/Users/rikuh/source/repos/Content/Project/Player/BluePrints/BP_EnemyBase.uasset" 1095
"C:/Users/rikuh/source/repos/Content/Project/Player/BluePrints/BP_EnemyBase.uexp" 1096
"C:/Users/rikuh/source/repos/Content/Project/Player/BluePrints/BP_SkillMine.uasset" 1097
"C:/Users/rikuh/source/repos/Content/Project/Player/BluePrints/BP_SkillMine.uexp" 1098
"../../../Engine/Content/Functions/Engine_MaterialFunctions01/ImageAdjustment/CheapContrast.uasset" 1099
"../../../Engine/Content/Functions/Engine_MaterialFunctions01/ImageAdjustment/CheapContrast.uexp" 1100
"C:/Users/rikuh/source/repos/Content/LevelPrototyping/Textures/T_GridChecker_A.ubulk" 1101
"C:/Users/rikuh/source/repos/Content/LevelPrototyping/Textures/T_GridChecker_A.uasset" 1102
"C:/Users/rikuh/source/repos/Content/LevelPrototyping/Textures/T_GridChecker_A.uexp" 1103
"C:/Users/rikuh/source/repos/Content/LevelPrototyping/Materials/MF_ProcGrid.uasset" 1104
"C:/Users/rikuh/source/repos/Content/LevelPrototyping/Materials/MF_ProcGrid.uexp" 1105
"C:/Users/rikuh/source/repos/Content/LevelPrototyping/Materials/M_PrototypeGrid.uasset" 1106
"C:/Users/rikuh/source/repos/Content/LevelPrototyping/Materials/M_PrototypeGrid.uexp" 1107
"C:/Users/rikuh/source/repos/Content/LevelPrototyping/Materials/MI_PrototypeGrid_Gray.uasset" 1108
"C:/Users/rikuh/source/repos/Content/LevelPrototyping/Materials/MI_PrototypeGrid_Gray.uexp" 1109
"C:/Users/rikuh/source/repos/Content/LevelPrototyping/Meshes/SM_Cube.ubulk" 1110
"C:/Users/rikuh/source/repos/Content/LevelPrototyping/Meshes/SM_Cube.uasset" 1111
"C:/Users/rikuh/source/repos/Content/LevelPrototyping/Meshes/SM_Cube.uexp" 1112
"C:/Users/rikuh/source/repos/Content/Project/Player/Assets/SE/Explosion04-1_Short_.ubulk" 1113
"C:/Users/rikuh/source/repos/Content/Project/Player/Assets/SE/Explosion04-1_Short_.uasset" 1114
"C:/Users/rikuh/source/repos/Content/Project/Player/Assets/SE/Explosion04-1_Short_.uexp" 1115
"C:/Users/rikuh/source/repos/Content/Project/Player/BluePrints/BP_Skill_Grenade.uasset" 1116
"C:/Users/rikuh/source/repos/Content/Project/Player/BluePrints/BP_Skill_Grenade.uexp" 1117
"C:/Users/rikuh/source/repos/Content/Project/Player/Assets/Material/M_EnemyBaseBule.uasset" 1118
"C:/Users/rikuh/source/repos/Content/Project/Player/Assets/Material/M_EnemyBaseBule.uexp" 1119
"C:/Users/rikuh/source/repos/Content/Project/Player/BluePrints/BP_Skill_Turret.uasset" 1120
"C:/Users/rikuh/source/repos/Content/Project/Player/BluePrints/BP_Skill_Turret.uexp" 1121
"C:/Users/rikuh/source/repos/Content/Project/Player/BluePrints/BP_AttackSkill.uasset" 1122
"C:/Users/rikuh/source/repos/Content/Project/Player/BluePrints/BP_AttackSkill.uexp" 1123
"C:/Users/rikuh/source/repos/Content/Project/Player/Assets/SE/maou_se_system45.ubulk" 1124
"C:/Users/rikuh/source/repos/Content/Project/Player/Assets/SE/maou_se_system45.uasset" 1125
"C:/Users/rikuh/source/repos/Content/Project/Player/Assets/SE/maou_se_system45.uexp" 1126
"C:/Users/rikuh/source/repos/Content/Project/Player/Assets/Models/buggy/aiStandardSurface1.uasset" 1127
"C:/Users/rikuh/source/repos/Content/Project/Player/Assets/Models/buggy/aiStandardSurface1.uexp" 1128
"C:/Users/rikuh/source/repos/Content/Project/Player/Assets/Models/buggy/aiStandardSurface2.uasset" 1129
"C:/Users/rikuh/source/repos/Content/Project/Player/Assets/Models/buggy/aiStandardSurface2.uexp" 1130
"C:/Users/rikuh/source/repos/Content/Project/Player/Assets/Models/buggy/enemyBuggy_PhysicsAsset.uasset" 1131
"C:/Users/rikuh/source/repos/Content/Project/Player/Assets/Models/buggy/enemyBuggy_PhysicsAsset.uexp" 1132
"C:/Users/rikuh/source/repos/Content/Project/Player/Assets/Models/buggy/enemyBuggy_Skeleton.uasset" 1133
"C:/Users/rikuh/source/repos/Content/Project/Player/Assets/Models/buggy/enemyBuggy_Skeleton.uexp" 1134
"C:/Users/rikuh/source/repos/Content/Project/Player/Assets/Models/buggy/enemyBuggy.uasset" 1135
"C:/Users/rikuh/source/repos/Content/Project/Player/Assets/Models/buggy/enemyBuggy.uexp" 1136
"C:/Users/rikuh/source/repos/Content/Project/Player/Assets/Models/buggy/enemyBuggyExp_PhysicsAsset.uasset" 1137
"C:/Users/rikuh/source/repos/Content/Project/Player/Assets/Models/buggy/enemyBuggyExp_PhysicsAsset.uexp" 1138
"C:/Users/rikuh/source/repos/Content/Project/Player/Assets/Models/buggy/enemyBuggyExp_Skeleton.uasset" 1139
"C:/Users/rikuh/source/repos/Content/Project/Player/Assets/Models/buggy/enemyBuggyExp_Skeleton.uexp" 1140
"C:/Users/rikuh/source/repos/Content/Project/Player/Assets/Models/buggy/enemyBuggyExp.uasset" 1141
"C:/Users/rikuh/source/repos/Content/Project/Player/Assets/Models/buggy/enemyBuggyExp.uexp" 1142
"../../../Engine/Plugins/Animation/ACLPlugin/Content/ACLAnimBoneCompressionSettings.uasset" 1143
"../../../Engine/Plugins/Animation/ACLPlugin/Content/ACLAnimBoneCompressionSettings.uexp" 1144
"../../../Engine/Plugins/Animation/ACLPlugin/Content/ACLAnimCurveCompressionSettings.uasset" 1145
"../../../Engine/Plugins/Animation/ACLPlugin/Content/ACLAnimCurveCompressionSettings.uexp" 1146
"../../../Engine/Content/Animation/DefaultVariableFrameStrippingSettings.uasset" 1147
"../../../Engine/Content/Animation/DefaultVariableFrameStrippingSettings.uexp" 1148
"C:/Users/rikuh/source/repos/Content/Project/Player/Assets/Models/buggy/enemyBuggyExp_Anim.uasset" 1149
"C:/Users/rikuh/source/repos/Content/Project/Player/Assets/Models/buggy/enemyBuggyExp_Anim.uexp" 1150
"C:/Users/rikuh/source/repos/Content/Project/Player/Assets/Models/buggy/enemyBuggy_Anim.uasset" 1151
"C:/Users/rikuh/source/repos/Content/Project/Player/Assets/Models/buggy/enemyBuggy_Anim.uexp" 1152
"C:/Users/rikuh/source/repos/Content/Project/Player/Assets/Models/Textures/buggy_texture.ubulk" 1153
"C:/Users/rikuh/source/repos/Content/Project/Player/Assets/Models/Textures/buggy_texture.uasset" 1154
"C:/Users/rikuh/source/repos/Content/Project/Player/Assets/Models/Textures/buggy_texture.uexp" 1155
"C:/Users/rikuh/source/repos/Content/Project/Player/Assets/Models/Textures/buggy_texture_Mat.uasset" 1156
"C:/Users/rikuh/source/repos/Content/Project/Player/Assets/Models/Textures/buggy_texture_Mat.uexp" 1157
"C:/Users/rikuh/source/repos/Content/Project/Player/BluePrints/BP_Buggy.uasset" 1158
"C:/Users/rikuh/source/repos/Content/Project/Player/BluePrints/BP_Buggy.uexp" 1159
"C:/Users/rikuh/source/repos/Content/Project/Player/Assets/Models/drone/DroneExp_PhysicsAsset.uasset" 1160
"C:/Users/rikuh/source/repos/Content/Project/Player/Assets/Models/drone/DroneExp_PhysicsAsset.uexp" 1161
"C:/Users/rikuh/source/repos/Content/Project/Player/Assets/Models/drone/DroneExp_Skeleton.uasset" 1162
"C:/Users/rikuh/source/repos/Content/Project/Player/Assets/Models/drone/DroneExp_Skeleton.uexp" 1163
"C:/Users/rikuh/source/repos/Content/Project/Player/Assets/Models/drone/DroneExp.uasset" 1164
"C:/Users/rikuh/source/repos/Content/Project/Player/Assets/Models/drone/DroneExp.uexp" 1165
"C:/Users/rikuh/source/repos/Content/NiagaraExamples/FX_Explosions/NS_Dirt_Explosion_Medium.uasset" 1166
"C:/Users/rikuh/source/repos/Content/NiagaraExamples/FX_Explosions/NS_Dirt_Explosion_Medium.uexp" 1167
"C:/Users/rikuh/source/repos/Content/Project/Player/Assets/Models/drone/DroneExp_Anim.uasset" 1168
"C:/Users/rikuh/source/repos/Content/Project/Player/Assets/Models/drone/DroneExp_Anim.uexp" 1169
"C:/Users/rikuh/source/repos/Content/Project/Player/Assets/Models/drone/Drone_Anim.uasset" 1170
"C:/Users/rikuh/source/repos/Content/Project/Player/Assets/Models/drone/Drone_Anim.uexp" 1171
"C:/Users/rikuh/source/repos/Content/Project/Player/Assets/Models/Textures/dronecoler.ubulk" 1172
"C:/Users/rikuh/source/repos/Content/Project/Player/Assets/Models/Textures/dronecoler.uasset" 1173
"C:/Users/rikuh/source/repos/Content/Project/Player/Assets/Models/Textures/dronecoler.uexp" 1174
"C:/Users/rikuh/source/repos/Content/Project/Player/Assets/Models/Textures/dronecoler_Mat.uasset" 1175
"C:/Users/rikuh/source/repos/Content/Project/Player/Assets/Models/Textures/dronecoler_Mat.uexp" 1176
"C:/Users/rikuh/source/repos/Content/Project/Player/BluePrints/BP_Drone.uasset" 1177
"C:/Users/rikuh/source/repos/Content/Project/Player/BluePrints/BP_Drone.uexp" 1178
"C:/Users/rikuh/source/repos/Content/Project/Player/BluePrints/BP_WaveManager.uasset" 1179
"C:/Users/rikuh/source/repos/Content/Project/Player/BluePrints/BP_WaveManager.uexp" 1180
"C:/Users/rikuh/source/repos/Content/Project/Player/Assets/Fonts/Century.uexp" 1181
"C:/Users/rikuh/source/repos/Content/Project/Player/Assets/Fonts/Century.uasset" 1182
"C:/Users/rikuh/source/repos/Content/Project/Player/Assets/Fonts/Century.ufont" 1183
"C:/Users/rikuh/source/repos/Content/Project/Player/Assets/Fonts/Century_Font.uasset" 1184
"C:/Users/rikuh/source/repos/Content/Project/Player/Assets/Fonts/Century_Font.uexp" 1185
"C:/Users/rikuh/source/repos/Content/Project/Player/Assets/Images/UI03/BOOST.uasset" 1186
"C:/Users/rikuh/source/repos/Content/Project/Player/Assets/Images/UI03/BOOST.uexp" 1187
"C:/Users/rikuh/source/repos/Content/Project/Player/Assets/Images/UI03/box.uasset" 1188
"C:/Users/rikuh/source/repos/Content/Project/Player/Assets/Images/UI03/box.uexp" 1189
"C:/Users/rikuh/source/repos/Content/Project/Player/Assets/Images/UI03/Meter.uasset" 1190
"C:/Users/rikuh/source/repos/Content/Project/Player/Assets/Images/UI03/Meter.uexp" 1191
"C:/Users/rikuh/source/repos/Content/Project/Player/Assets/Images/UI03/pointer.uasset" 1192
"C:/Users/rikuh/source/repos/Content/Project/Player/Assets/Images/UI03/pointer.uexp" 1193
"C:/Users/rikuh/source/repos/Content/Project/Player/Assets/Images/UI03/Round.uasset" 1194
"C:/Users/rikuh/source/repos/Content/Project/Player/Assets/Images/UI03/Round.uexp" 1195
"C:/Users/rikuh/source/repos/Content/Project/Player/Assets/Images/UI03/Shift.uasset" 1196
"C:/Users/rikuh/source/repos/Content/Project/Player/Assets/Images/UI03/Shift.uexp" 1197
"C:/Users/rikuh/source/repos/Content/Project/Player/Assets/Images/UI03/status.uasset" 1198
"C:/Users/rikuh/source/repos/Content/Project/Player/Assets/Images/UI03/status.uexp" 1199
"C:/Users/rikuh/source/repos/Content/Project/Player/Assets/Images/UI03/Time.uasset" 1200
"C:/Users/rikuh/source/repos/Content/Project/Player/Assets/Images/UI03/Time.uexp" 1201
"C:/Users/rikuh/source/repos/Content/Project/Player/Assets/Images/UI03/fuel_anim/fuel_anim1.uasset" 1202
"C:/Users/rikuh/source/repos/Content/Project/Player/Assets/Images/UI03/fuel_anim/fuel_anim1.uexp" 1203
"C:/Users/rikuh/source/repos/Content/Project/Player/Assets/Images/UI03/fuel_anim/fuel_anim2.uasset" 1204
"C:/Users/rikuh/source/repos/Content/Project/Player/Assets/Images/UI03/fuel_anim/fuel_anim2.uexp" 1205
"C:/Users/rikuh/source/repos/Content/Project/Player/Assets/Images/UI03/fuel_anim/fuel_anim3.uasset" 1206
"C:/Users/rikuh/source/repos/Content/Project/Player/Assets/Images/UI03/fuel_anim/fuel_anim3.uexp" 1207
"C:/Users/rikuh/source/repos/Content/Project/Player/Assets/Images/UI03/fuel_anim/fuel_tube.uasset" 1208
"C:/Users/rikuh/source/repos/Content/Project/Player/Assets/Images/UI03/fuel_anim/fuel_tube.uexp" 1209
"C:/Users/rikuh/source/repos/Content/Project/Player/Assets/Images/UI03/life_anim/life_anim1.uasset" 1210
"C:/Users/rikuh/source/repos/Content/Project/Player/Assets/Images/UI03/life_anim/life_anim1.uexp" 1211
"C:/Users/rikuh/source/repos/Content/Project/Player/Assets/Images/UI03/life_anim/life_anim2.uasset" 1212
"C:/Users/rikuh/source/repos/Content/Project/Player/Assets/Images/UI03/life_anim/life_anim2.uexp" 1213
"C:/Users/rikuh/source/repos/Content/Project/Player/Assets/Images/UI03/life_anim/life_anim3.uasset" 1214
"C:/Users/rikuh/source/repos/Content/Project/Player/Assets/Images/UI03/life_anim/life_anim3.uexp" 1215
"C:/Users/rikuh/source/repos/Content/Project/Player/Assets/Images/UI03/life_anim/life_tube.uasset" 1216
"C:/Users/rikuh/source/repos/Content/Project/Player/Assets/Images/UI03/life_anim/life_tube.uexp" 1217
"C:/Users/rikuh/source/repos/Content/Project/Player/Assets/Images/UI03/timeanim/timeanim_0-1.uasset" 1218
"C:/Users/rikuh/source/repos/Content/Project/Player/Assets/Images/UI03/timeanim/timeanim_0-1.uexp" 1219
"C:/Users/rikuh/source/repos/Content/Project/Player/Assets/Images/UI03/timeanim/timeanim_0.uasset" 1220
"C:/Users/rikuh/source/repos/Content/Project/Player/Assets/Images/UI03/timeanim/timeanim_0.uexp" 1221
"C:/Users/rikuh/source/repos/Content/Project/Player/Assets/Images/UI03/timeanim/timeanim_1.uasset" 1222
"C:/Users/rikuh/source/repos/Content/Project/Player/Assets/Images/UI03/timeanim/timeanim_1.uexp" 1223
"C:/Users/rikuh/source/repos/Content/Project/Player/Assets/Images/UI03/timeanim/timeanim_2.uasset" 1224
"C:/Users/rikuh/source/repos/Content/Project/Player/Assets/Images/UI03/timeanim/timeanim_2.uexp" 1225
"C:/Users/rikuh/source/repos/Content/Project/Player/Assets/Images/UI03/timeanim/timeanim_3.uasset" 1226
"C:/Users/rikuh/source/repos/Content/Project/Player/Assets/Images/UI03/timeanim/timeanim_3.uexp" 1227
"C:/Users/rikuh/source/repos/Content/Project/Player/Assets/Images/UI03/timeanim/timeanim_4.uasset" 1228
"C:/Users/rikuh/source/repos/Content/Project/Player/Assets/Images/UI03/timeanim/timeanim_4.uexp" 1229
"C:/Users/rikuh/source/repos/Content/Project/Player/Assets/Images/UI03/timeanim/timeanim_5.uasset" 1230
"C:/Users/rikuh/source/repos/Content/Project/Player/Assets/Images/UI03/timeanim/timeanim_5.uexp" 1231
"C:/Users/rikuh/source/repos/Content/Project/Player/Assets/Images/UI03/timeanim/timeanim_6.uasset" 1232
"C:/Users/rikuh/source/repos/Content/Project/Player/Assets/Images/UI03/timeanim/timeanim_6.uexp" 1233
"C:/Users/rikuh/source/repos/Content/Project/Player/Assets/Images/UI03/timeanim/timeanim_7.uasset" 1234
"C:/Users/rikuh/source/repos/Content/Project/Player/Assets/Images/UI03/timeanim/timeanim_7.uexp" 1235
"C:/Users/rikuh/source/repos/Content/Project/Player/Assets/Images/UI03/timeanim/timeanim_8.uasset" 1236
"C:/Users/rikuh/source/repos/Content/Project/Player/Assets/Images/UI03/timeanim/timeanim_8.uexp" 1237
"C:/Users/rikuh/source/repos/Content/Project/Player/Assets/Images/UI03/timeanim/timeanim_9.uasset" 1238
"C:/Users/rikuh/source/repos/Content/Project/Player/Assets/Images/UI03/timeanim/timeanim_9.uexp" 1239
"C:/Users/rikuh/source/repos/Content/Project/Player/Assets/Images/UI03/timeanim/timeanim_1-2.uasset" 1240
"C:/Users/rikuh/source/repos/Content/Project/Player/Assets/Images/UI03/timeanim/timeanim_1-2.uexp" 1241
"C:/Users/rikuh/source/repos/Content/Project/Player/Assets/Images/UI03/timeanim/timeanim_2-3.uasset" 1242
"C:/Users/rikuh/source/repos/Content/Project/Player/Assets/Images/UI03/timeanim/timeanim_2-3.uexp" 1243
"C:/Users/rikuh/source/repos/Content/Project/Player/Assets/Images/UI03/timeanim/timeanim_3-4.uasset" 1244
"C:/Users/rikuh/source/repos/Content/Project/Player/Assets/Images/UI03/timeanim/timeanim_3-4.uexp" 1245
"C:/Users/rikuh/source/repos/Content/Project/Player/Assets/Images/UI03/timeanim/timeanim_4-5.uasset" 1246
"C:/Users/rikuh/source/repos/Content/Project/Player/Assets/Images/UI03/timeanim/timeanim_4-5.uexp" 1247
"C:/Users/rikuh/source/repos/Content/Project/Player/Assets/Images/UI03/timeanim/timeanim_5-6.uasset" 1248
"C:/Users/rikuh/source/repos/Content/Project/Player/Assets/Images/UI03/timeanim/timeanim_5-6.uexp" 1249
"C:/Users/rikuh/source/repos/Content/Project/Player/Assets/Images/UI03/timeanim/timeanim_6-7.uasset" 1250
"C:/Users/rikuh/source/repos/Content/Project/Player/Assets/Images/UI03/timeanim/timeanim_6-7.uexp" 1251
"C:/Users/rikuh/source/repos/Content/Project/Player/Assets/Images/UI03/timeanim/timeanim_7-8.uasset" 1252
"C:/Users/rikuh/source/repos/Content/Project/Player/Assets/Images/UI03/timeanim/timeanim_7-8.uexp" 1253
"C:/Users/rikuh/source/repos/Content/Project/Player/Assets/Images/UI03/timeanim/timeanim_8-9.uasset" 1254
"C:/Users/rikuh/source/repos/Content/Project/Player/Assets/Images/UI03/timeanim/timeanim_8-9.uexp" 1255
"C:/Users/rikuh/source/repos/Content/Project/Player/Assets/Images/UI03/timeanim/timeanim_9-0.uasset" 1256
"C:/Users/rikuh/source/repos/Content/Project/Player/Assets/Images/UI03/timeanim/timeanim_9-0.uexp" 1257
"C:/Users/rikuh/source/repos/Content/Project/Player/BluePrints/WBP_UI.uasset" 1258
"C:/Users/rikuh/source/repos/Content/Project/Player/BluePrints/WBP_UI.uexp" 1259
"C:/Users/rikuh/source/repos/Content/Project/System/BP_GameInstance.uasset" 1260
"C:/Users/rikuh/source/repos/Content/Project/System/BP_GameInstance.uexp" 1261
"C:/Users/rikuh/source/repos/Content/Project/Cord/Assets/Image/AT_BIimu.uasset" 1262
"C:/Users/rikuh/source/repos/Content/Project/Cord/Assets/Image/AT_BIimu.uexp" 1263
"C:/Users/rikuh/source/repos/Content/Project/Cord/Assets/Image/AT_Bomb.uasset" 1264
"C:/Users/rikuh/source/repos/Content/Project/Cord/Assets/Image/AT_Bomb.uexp" 1265
"C:/Users/rikuh/source/repos/Content/Project/Cord/Assets/Image/AT_Drone.uasset" 1266
"C:/Users/rikuh/source/repos/Content/Project/Cord/Assets/Image/AT_Drone.uexp" 1267
"C:/Users/rikuh/source/repos/Content/Project/Cord/Assets/Image/AT_GreenWave.uasset" 1268
"C:/Users/rikuh/source/repos/Content/Project/Cord/Assets/Image/AT_GreenWave.uexp" 1269
"C:/Users/rikuh/source/repos/Content/Project/Cord/Assets/Image/AT_Mine.uasset" 1270
"C:/Users/rikuh/source/repos/Content/Project/Cord/Assets/Image/AT_Mine.uexp" 1271
"C:/Users/rikuh/source/repos/Content/Project/Cord/Assets/Image/BF_Fuel.uasset" 1272
"C:/Users/rikuh/source/repos/Content/Project/Cord/Assets/Image/BF_Fuel.uexp" 1273
"C:/Users/rikuh/source/repos/Content/Project/Cord/Assets/Image/BF_Heal.uasset" 1274
"C:/Users/rikuh/source/repos/Content/Project/Cord/Assets/Image/BF_Heal.uexp" 1275
"C:/Users/rikuh/source/repos/Content/Project/Cord/Assets/Image/BF_OverHeat.uasset" 1276
"C:/Users/rikuh/source/repos/Content/Project/Cord/Assets/Image/BF_OverHeat.uexp" 1277
"C:/Users/rikuh/source/repos/Content/Project/Cord/Assets/Image/BF_Vampire.uasset" 1278
"C:/Users/rikuh/source/repos/Content/Project/Cord/Assets/Image/BF_Vampire.uexp" 1279
"C:/Users/rikuh/source/repos/Content/Project/Cord/Assets/Image/ST_AttackSpeedUp.uasset" 1280
"C:/Users/rikuh/source/repos/Content/Project/Cord/Assets/Image/ST_AttackSpeedUp.uexp" 1281
"C:/Users/rikuh/source/repos/Content/Project/Cord/Assets/Image/ST_AttackUp.uasset" 1282
"C:/Users/rikuh/source/repos/Content/Project/Cord/Assets/Image/ST_AttackUp.uexp" 1283
"C:/Users/rikuh/source/repos/Content/Project/Cord/Assets/Image/ST_FuelUp.uasset" 1284
"C:/Users/rikuh/source/repos/Content/Project/Cord/Assets/Image/ST_FuelUp.uexp" 1285
"C:/Users/rikuh/source/repos/Content/Project/Cord/Assets/Image/ST_LifeUp.uasset" 1286
"C:/Users/rikuh/source/repos/Content/Project/Cord/Assets/Image/ST_LifeUp.uexp" 1287
"C:/Users/rikuh/source/repos/Content/Project/Cord/BluePrints/WB_Card.uasset" 1288
"C:/Users/rikuh/source/repos/Content/Project/Cord/BluePrints/WB_Card.uexp" 1289
"C:/Users/rikuh/source/repos/Content/Project/Cord/BluePrints/WB_Hand.uasset" 1290
"C:/Users/rikuh/source/repos/Content/Project/Cord/BluePrints/WB_Hand.uexp" 1291
"C:/Users/rikuh/source/repos/Content/Project/Cord/BluePrints/BP_BattleCardManager.uasset" 1292
"C:/Users/rikuh/source/repos/Content/Project/Cord/BluePrints/BP_BattleCardManager.uexp" 1293
"C:/Users/rikuh/source/repos/Content/Project/Cord/BluePrints/BP_CardSysPown.uasset" 1294
"C:/Users/rikuh/source/repos/Content/Project/Cord/BluePrints/BP_CardSysPown.uexp" 1295
"../../../Engine/Content/EngineMaterials/WeightMapPlaceholderTexture.uasset" 1296
"../../../Engine/Content/EngineMaterials/WeightMapPlaceholderTexture.uexp" 1297
"../../../Engine/Content/EngineMaterials/WeightMapArrayPlaceholderTexture.uasset" 1298
"../../../Engine/Content/EngineMaterials/WeightMapArrayPlaceholderTexture.uexp" 1299
"../../../Engine/Content/Functions/Engine_MaterialFunctions01/Texturing/SlopeMask.uasset" 1300
"../../../Engine/Content/Functions/Engine_MaterialFunctions01/Texturing/SlopeMask.uexp" 1301
"C:/Users/rikuh/source/repos/Content/MWLandscapeAutoMaterial/Procedurals/LGT_MWAM_Dirt.uasset" 1302
"C:/Users/rikuh/source/repos/Content/MWLandscapeAutoMaterial/Procedurals/LGT_MWAM_Dirt.uexp" 1303
"C:/Users/rikuh/source/repos/Content/MWLandscapeAutoMaterial/Procedurals/LGT_MWAM_Rock.uasset" 1304
"C:/Users/rikuh/source/repos/Content/MWLandscapeAutoMaterial/Procedurals/LGT_MWAM_Rock.uexp" 1305
"../../../Engine/Content/Functions/Engine_MaterialFunctions01/WorldPositionOffset/SimpleGrassWind.uasset" 1306
"../../../Engine/Content/Functions/Engine_MaterialFunctions01/WorldPositionOffset/SimpleGrassWind.uexp" 1307
"../../../Engine/Content/Functions/Engine_MaterialFunctions01/SpeedTree/SpeedTreeBillboardNormals.uasset" 1308
"../../../Engine/Content/Functions/Engine_MaterialFunctions01/SpeedTree/SpeedTreeBillboardNormals.uexp" 1309
"C:/Users/rikuh/source/repos/Content/MWLandscapeAutoMaterial/Textures/TEX_MW_Temp_col.ubulk" 1310
"C:/Users/rikuh/source/repos/Content/MWLandscapeAutoMaterial/Textures/TEX_MW_Temp_col.uasset" 1311
"C:/Users/rikuh/source/repos/Content/MWLandscapeAutoMaterial/Textures/TEX_MW_Temp_col.uexp" 1312
"C:/Users/rikuh/source/repos/Content/MWLandscapeAutoMaterial/Textures/TEX_MW_Temp_msk.ubulk" 1313
"C:/Users/rikuh/source/repos/Content/MWLandscapeAutoMaterial/Textures/TEX_MW_Temp_msk.uasset" 1314
"C:/Users/rikuh/source/repos/Content/MWLandscapeAutoMaterial/Textures/TEX_MW_Temp_msk.uexp" 1315
"C:/Users/rikuh/source/repos/Content/MWLandscapeAutoMaterial/Textures/TEX_MW_Temp_nrm.ubulk" 1316
"C:/Users/rikuh/source/repos/Content/MWLandscapeAutoMaterial/Textures/TEX_MW_Temp_nrm.uasset" 1317
"C:/Users/rikuh/source/repos/Content/MWLandscapeAutoMaterial/Textures/TEX_MW_Temp_nrm.uexp" 1318
"C:/Users/rikuh/source/repos/Content/MWLandscapeAutoMaterial/Materials/MASTER/Func/MF_MWAM_Roughness.uasset" 1319
"C:/Users/rikuh/source/repos/Content/MWLandscapeAutoMaterial/Materials/MASTER/Func/MF_MWAM_Roughness.uexp" 1320
"../../../Engine/Content/Functions/Engine_MaterialFunctions02/Utility/DitherTemporalAA.uasset" 1321
"../../../Engine/Content/Functions/Engine_MaterialFunctions02/Utility/DitherTemporalAA.uexp" 1322
"C:/Users/rikuh/source/repos/Content/MWLandscapeAutoMaterial/Materials/MASTER/Func/MF_MWAM_Opacity.uasset" 1323
"C:/Users/rikuh/source/repos/Content/MWLandscapeAutoMaterial/Materials/MASTER/Func/MF_MWAM_Opacity.uexp" 1324
"../../../Engine/Content/Functions/Engine_MaterialFunctions02/WorldPositionOffset/ObjectPivotPoint.uasset" 1325
"../../../Engine/Content/Functions/Engine_MaterialFunctions02/WorldPositionOffset/ObjectPivotPoint.uexp" 1326
"C:/Users/rikuh/source/repos/Content/MWLandscapeAutoMaterial/Materials/MASTER/Func/MF_MWAM_PivotMask.uasset" 1327
"C:/Users/rikuh/source/repos/Content/MWLandscapeAutoMaterial/Materials/MASTER/Func/MF_MWAM_PivotMask.uexp" 1328
"C:/Users/rikuh/source/repos/Content/MWLandscapeAutoMaterial/Materials/MASTER/Func/MF_MWAM_SubSurface.uasset" 1329
"C:/Users/rikuh/source/repos/Content/MWLandscapeAutoMaterial/Materials/MASTER/Func/MF_MWAM_SubSurface.uexp" 1330
"C:/Users/rikuh/source/repos/Content/MWLandscapeAutoMaterial/Materials/MASTER/MTL_MWAM_CoverFoliage_MASTER.uasset" 1331
"C:/Users/rikuh/source/repos/Content/MWLandscapeAutoMaterial/Materials/MASTER/MTL_MWAM_CoverFoliage_MASTER.uexp" 1332
"C:/Users/rikuh/source/repos/Content/MWLandscapeAutoMaterial/Textures/Cover/TEX_MWAM_CoverRocks_col.ubulk" 1333
"C:/Users/rikuh/source/repos/Content/MWLandscapeAutoMaterial/Textures/Cover/TEX_MWAM_CoverRocks_col.uasset" 1334
"C:/Users/rikuh/source/repos/Content/MWLandscapeAutoMaterial/Textures/Cover/TEX_MWAM_CoverRocks_col.uexp" 1335
"C:/Users/rikuh/source/repos/Content/MWLandscapeAutoMaterial/Textures/Cover/TEX_MWAM_CoverRocks_nrm.ubulk" 1336
"C:/Users/rikuh/source/repos/Content/MWLandscapeAutoMaterial/Textures/Cover/TEX_MWAM_CoverRocks_nrm.uasset" 1337
"C:/Users/rikuh/source/repos/Content/MWLandscapeAutoMaterial/Textures/Cover/TEX_MWAM_CoverRocks_nrm.uexp" 1338
"C:/Users/rikuh/source/repos/Content/MWLandscapeAutoMaterial/Materials/Cover/MTL_MWAM_CoverRocks.uasset" 1339
"C:/Users/rikuh/source/repos/Content/MWLandscapeAutoMaterial/Materials/Cover/MTL_MWAM_CoverRocks.uexp" 1340
"C:/Users/rikuh/source/repos/Content/MWLandscapeAutoMaterial/Meshes/Cover/SM_MWAM_StoneA.ubulk" 1341
"C:/Users/rikuh/source/repos/Content/MWLandscapeAutoMaterial/Meshes/Cover/SM_MWAM_StoneA.uasset" 1342
"C:/Users/rikuh/source/repos/Content/MWLandscapeAutoMaterial/Meshes/Cover/SM_MWAM_StoneA.uexp" 1343
"C:/Users/rikuh/source/repos/Content/MWLandscapeAutoMaterial/Meshes/Cover/SM_MWAM_StoneB.ubulk" 1344
"C:/Users/rikuh/source/repos/Content/MWLandscapeAutoMaterial/Meshes/Cover/SM_MWAM_StoneB.uasset" 1345
"C:/Users/rikuh/source/repos/Content/MWLandscapeAutoMaterial/Meshes/Cover/SM_MWAM_StoneB.uexp" 1346
"C:/Users/rikuh/source/repos/Content/MWLandscapeAutoMaterial/Meshes/Cover/SM_MWAM_StoneC.ubulk" 1347
"C:/Users/rikuh/source/repos/Content/MWLandscapeAutoMaterial/Meshes/Cover/SM_MWAM_StoneC.uasset" 1348
"C:/Users/rikuh/source/repos/Content/MWLandscapeAutoMaterial/Meshes/Cover/SM_MWAM_StoneC.uexp" 1349
"C:/Users/rikuh/source/repos/Content/MWLandscapeAutoMaterial/Meshes/Cover/SM_MWAM_StoneD.ubulk" 1350
"C:/Users/rikuh/source/repos/Content/MWLandscapeAutoMaterial/Meshes/Cover/SM_MWAM_StoneD.uasset" 1351
"C:/Users/rikuh/source/repos/Content/MWLandscapeAutoMaterial/Meshes/Cover/SM_MWAM_StoneD.uexp" 1352
"C:/Users/rikuh/source/repos/Content/MWLandscapeAutoMaterial/Procedurals/LGT_MWAM_Stones.uasset" 1353
"C:/Users/rikuh/source/repos/Content/MWLandscapeAutoMaterial/Procedurals/LGT_MWAM_Stones.uexp" 1354
"C:/Users/rikuh/source/repos/Content/MWLandscapeAutoMaterial/Textures/Plants/TEX_MWAM_Grass_col.ubulk" 1355
"C:/Users/rikuh/source/repos/Content/MWLandscapeAutoMaterial/Textures/Plants/TEX_MWAM_Grass_col.uasset" 1356
"C:/Users/rikuh/source/repos/Content/MWLandscapeAutoMaterial/Textures/Plants/TEX_MWAM_Grass_col.uexp" 1357
"C:/Users/rikuh/source/repos/Content/MWLandscapeAutoMaterial/Textures/Plants/TEX_MWAM_Grass_nrm.ubulk" 1358
"C:/Users/rikuh/source/repos/Content/MWLandscapeAutoMaterial/Textures/Plants/TEX_MWAM_Grass_nrm.uasset" 1359
"C:/Users/rikuh/source/repos/Content/MWLandscapeAutoMaterial/Textures/Plants/TEX_MWAM_Grass_nrm.uexp" 1360
"C:/Users/rikuh/source/repos/Content/MWLandscapeAutoMaterial/Materials/Plants/MTL_MWAM_PlantsGrass.uasset" 1361
"C:/Users/rikuh/source/repos/Content/MWLandscapeAutoMaterial/Materials/Plants/MTL_MWAM_PlantsGrass.uexp" 1362
"C:/Users/rikuh/source/repos/Content/MWLandscapeAutoMaterial/Meshes/Plants/SM_MWAM_GrassA.ubulk" 1363
"C:/Users/rikuh/source/repos/Content/MWLandscapeAutoMaterial/Meshes/Plants/SM_MWAM_GrassA.uasset" 1364
"C:/Users/rikuh/source/repos/Content/MWLandscapeAutoMaterial/Meshes/Plants/SM_MWAM_GrassA.uexp" 1365
"C:/Users/rikuh/source/repos/Content/MWLandscapeAutoMaterial/Meshes/Plants/SM_MWAM_GrassB.ubulk" 1366
"C:/Users/rikuh/source/repos/Content/MWLandscapeAutoMaterial/Meshes/Plants/SM_MWAM_GrassB.uasset" 1367
"C:/Users/rikuh/source/repos/Content/MWLandscapeAutoMaterial/Meshes/Plants/SM_MWAM_GrassB.uexp" 1368
"C:/Users/rikuh/source/repos/Content/MWLandscapeAutoMaterial/Meshes/Plants/SM_MWAM_GrassC.ubulk" 1369
"C:/Users/rikuh/source/repos/Content/MWLandscapeAutoMaterial/Meshes/Plants/SM_MWAM_GrassC.uasset" 1370
"C:/Users/rikuh/source/repos/Content/MWLandscapeAutoMaterial/Meshes/Plants/SM_MWAM_GrassC.uexp" 1371
"C:/Users/rikuh/source/repos/Content/MWLandscapeAutoMaterial/Meshes/Plants/SM_MWAM_GrassD.ubulk" 1372
"C:/Users/rikuh/source/repos/Content/MWLandscapeAutoMaterial/Meshes/Plants/SM_MWAM_GrassD.uasset" 1373
"C:/Users/rikuh/source/repos/Content/MWLandscapeAutoMaterial/Meshes/Plants/SM_MWAM_GrassD.uexp" 1374
"C:/Users/rikuh/source/repos/Content/MWLandscapeAutoMaterial/Procedurals/LGT_MWAM_Grass.uasset" 1375
"C:/Users/rikuh/source/repos/Content/MWLandscapeAutoMaterial/Procedurals/LGT_MWAM_Grass.uexp" 1376
"C:/Users/rikuh/source/repos/Content/MWLandscapeAutoMaterial/Materials/Cover/MTL_MWAM_CoverSnow.uasset" 1377
"C:/Users/rikuh/source/repos/Content/MWLandscapeAutoMaterial/Materials/Cover/MTL_MWAM_CoverSnow.uexp" 1378
"C:/Users/rikuh/source/repos/Content/MWLandscapeAutoMaterial/Meshes/Cover/SM_MWAM_Snow.ubulk" 1379
"C:/Users/rikuh/source/repos/Content/MWLandscapeAutoMaterial/Meshes/Cover/SM_MWAM_Snow.uasset" 1380
"C:/Users/rikuh/source/repos/Content/MWLandscapeAutoMaterial/Meshes/Cover/SM_MWAM_Snow.uexp" 1381
"C:/Users/rikuh/source/repos/Content/MWLandscapeAutoMaterial/Meshes/Cover/SM_MWAM_SnowB.ubulk" 1382
"C:/Users/rikuh/source/repos/Content/MWLandscapeAutoMaterial/Meshes/Cover/SM_MWAM_SnowB.uasset" 1383
"C:/Users/rikuh/source/repos/Content/MWLandscapeAutoMaterial/Meshes/Cover/SM_MWAM_SnowB.uexp" 1384
"C:/Users/rikuh/source/repos/Content/MWLandscapeAutoMaterial/Meshes/Cover/SM_MWAM_SnowC.ubulk" 1385
"C:/Users/rikuh/source/repos/Content/MWLandscapeAutoMaterial/Meshes/Cover/SM_MWAM_SnowC.uasset" 1386
"C:/Users/rikuh/source/repos/Content/MWLandscapeAutoMaterial/Meshes/Cover/SM_MWAM_SnowC.uexp" 1387
"C:/Users/rikuh/source/repos/Content/MWLandscapeAutoMaterial/Meshes/Cover/SM_MWAM_SnowD.ubulk" 1388
"C:/Users/rikuh/source/repos/Content/MWLandscapeAutoMaterial/Meshes/Cover/SM_MWAM_SnowD.uasset" 1389
"C:/Users/rikuh/source/repos/Content/MWLandscapeAutoMaterial/Meshes/Cover/SM_MWAM_SnowD.uexp" 1390
"C:/Users/rikuh/source/repos/Content/MWLandscapeAutoMaterial/Procedurals/LGT_MWAM_Snow.uasset" 1391
"C:/Users/rikuh/source/repos/Content/MWLandscapeAutoMaterial/Procedurals/LGT_MWAM_Snow.uexp" 1392
"C:/Users/rikuh/source/repos/Content/MWLandscapeAutoMaterial/Textures/Extra/TEX_MWAM_Variation_msk.ubulk" 1393
"C:/Users/rikuh/source/repos/Content/MWLandscapeAutoMaterial/Textures/Extra/TEX_MWAM_Variation_msk.uasset" 1394
"C:/Users/rikuh/source/repos/Content/MWLandscapeAutoMaterial/Textures/Extra/TEX_MWAM_Variation_msk.uexp" 1395
"C:/Users/rikuh/source/repos/Content/MWLandscapeAutoMaterial/Textures/FX/TEX_MW_Noise_msk.ubulk" 1396
"C:/Users/rikuh/source/repos/Content/MWLandscapeAutoMaterial/Textures/FX/TEX_MW_Noise_msk.uasset" 1397
"C:/Users/rikuh/source/repos/Content/MWLandscapeAutoMaterial/Textures/FX/TEX_MW_Noise_msk.uexp" 1398
"C:/Users/rikuh/source/repos/Content/MWLandscapeAutoMaterial/Textures/FX/TEX_MW_WaterA_nrm.ubulk" 1399
"C:/Users/rikuh/source/repos/Content/MWLandscapeAutoMaterial/Textures/FX/TEX_MW_WaterA_nrm.uasset" 1400
"C:/Users/rikuh/source/repos/Content/MWLandscapeAutoMaterial/Textures/FX/TEX_MW_WaterA_nrm.uexp" 1401
"C:/Users/rikuh/source/repos/Content/MWLandscapeAutoMaterial/Textures/Extra/TEX_MWAM_Variation_nrm.ubulk" 1402
"C:/Users/rikuh/source/repos/Content/MWLandscapeAutoMaterial/Textures/Extra/TEX_MWAM_Variation_nrm.uasset" 1403
"C:/Users/rikuh/source/repos/Content/MWLandscapeAutoMaterial/Textures/Extra/TEX_MWAM_Variation_nrm.uexp" 1404
"C:/Users/rikuh/source/repos/Content/MWLandscapeAutoMaterial/Materials/MASTER/Func/MF_MWAM_CombineNormal.uasset" 1405
"C:/Users/rikuh/source/repos/Content/MWLandscapeAutoMaterial/Materials/MASTER/Func/MF_MWAM_CombineNormal.uexp" 1406
"C:/Users/rikuh/source/repos/Content/MWLandscapeAutoMaterial/Materials/MASTER/Func/MF_MWAM_CombineNormalSimple.uasset" 1407
"C:/Users/rikuh/source/repos/Content/MWLandscapeAutoMaterial/Materials/MASTER/Func/MF_MWAM_CombineNormalSimple.uexp" 1408
"C:/Users/rikuh/source/repos/Content/MWLandscapeAutoMaterial/Materials/MASTER/Func/MF_MWAM_DefaultLayer.uasset" 1409
"C:/Users/rikuh/source/repos/Content/MWLandscapeAutoMaterial/Materials/MASTER/Func/MF_MWAM_DefaultLayer.uexp" 1410
"C:/Users/rikuh/source/repos/Content/MWLandscapeAutoMaterial/Materials/MASTER/Func/MF_MWAM_DepthFade.uasset" 1411
"C:/Users/rikuh/source/repos/Content/MWLandscapeAutoMaterial/Materials/MASTER/Func/MF_MWAM_DepthFade.uexp" 1412
"C:/Users/rikuh/source/repos/Content/MWLandscapeAutoMaterial/Materials/MASTER/Func/MF_MWAM_LandscapeUVs.uasset" 1413
"C:/Users/rikuh/source/repos/Content/MWLandscapeAutoMaterial/Materials/MASTER/Func/MF_MWAM_LandscapeUVs.uexp" 1414
"C:/Users/rikuh/source/repos/Content/MWLandscapeAutoMaterial/Materials/MASTER/Func/MF_MWAM_LayerBlend.uasset" 1415
"C:/Users/rikuh/source/repos/Content/MWLandscapeAutoMaterial/Materials/MASTER/Func/MF_MWAM_LayerBlend.uexp" 1416
"C:/Users/rikuh/source/repos/Content/MWLandscapeAutoMaterial/Materials/MASTER/Func/MF_MWAM_SlopeMask.uasset" 1417
"C:/Users/rikuh/source/repos/Content/MWLandscapeAutoMaterial/Materials/MASTER/Func/MF_MWAM_SlopeMask.uexp" 1418
"C:/Users/rikuh/source/repos/Content/MWLandscapeAutoMaterial/Materials/MASTER/Func/MF_MWAM_Snow.uasset" 1419
"C:/Users/rikuh/source/repos/Content/MWLandscapeAutoMaterial/Materials/MASTER/Func/MF_MWAM_Snow.uexp" 1420
"C:/Users/rikuh/source/repos/Content/MWLandscapeAutoMaterial/Materials/MASTER/Func/MF_MWAM_SnowMask.uasset" 1421
"C:/Users/rikuh/source/repos/Content/MWLandscapeAutoMaterial/Materials/MASTER/Func/MF_MWAM_SnowMask.uexp" 1422
"C:/Users/rikuh/source/repos/Content/MWLandscapeAutoMaterial/Materials/MASTER/Func/MF_MWAM_WaterMask.uasset" 1423
"C:/Users/rikuh/source/repos/Content/MWLandscapeAutoMaterial/Materials/MASTER/Func/MF_MWAM_WaterMask.uexp" 1424
"C:/Users/rikuh/source/repos/Content/MWLandscapeAutoMaterial/Materials/MASTER/Func/MW_MWAM_Water.uasset" 1425
"C:/Users/rikuh/source/repos/Content/MWLandscapeAutoMaterial/Materials/MASTER/Func/MW_MWAM_Water.uexp" 1426
"C:/Users/rikuh/source/repos/Content/MWLandscapeAutoMaterial/Materials/MASTER/MTL_MWAM_AutoMaterial_MASTER.uasset" 1427
"C:/Users/rikuh/source/repos/Content/MWLandscapeAutoMaterial/Materials/MASTER/MTL_MWAM_AutoMaterial_MASTER.uexp" 1428
"C:/Users/rikuh/source/repos/Content/MWLandscapeAutoMaterial/Textures/Ground/TEX_MWAM_SandA_col.ubulk" 1429
"C:/Users/rikuh/source/repos/Content/MWLandscapeAutoMaterial/Textures/Ground/TEX_MWAM_SandA_col.uasset" 1430
"C:/Users/rikuh/source/repos/Content/MWLandscapeAutoMaterial/Textures/Ground/TEX_MWAM_SandA_col.uexp" 1431
"C:/Users/rikuh/source/repos/Content/MWLandscapeAutoMaterial/Textures/Ground/TEX_MWAM_SandA_nrm.ubulk" 1432
"C:/Users/rikuh/source/repos/Content/MWLandscapeAutoMaterial/Textures/Ground/TEX_MWAM_SandA_nrm.uasset" 1433
"C:/Users/rikuh/source/repos/Content/MWLandscapeAutoMaterial/Textures/Ground/TEX_MWAM_SandA_nrm.uexp" 1434
"C:/Users/rikuh/source/repos/Content/MWLandscapeAutoMaterial/Textures/Ground/TEX_MWAM_SandC_col.ubulk" 1435
"C:/Users/rikuh/source/repos/Content/MWLandscapeAutoMaterial/Textures/Ground/TEX_MWAM_SandC_col.uasset" 1436
"C:/Users/rikuh/source/repos/Content/MWLandscapeAutoMaterial/Textures/Ground/TEX_MWAM_SandC_col.uexp" 1437
"C:/Users/rikuh/source/repos/Content/MWLandscapeAutoMaterial/Textures/Ground/TEX_MWAM_SandC_nrm.ubulk" 1438
"C:/Users/rikuh/source/repos/Content/MWLandscapeAutoMaterial/Textures/Ground/TEX_MWAM_SandC_nrm.uasset" 1439
"C:/Users/rikuh/source/repos/Content/MWLandscapeAutoMaterial/Textures/Ground/TEX_MWAM_SandC_nrm.uexp" 1440
"C:/Users/rikuh/source/repos/Content/MWLandscapeAutoMaterial/Textures/Ground/TEX_MWAM_Stones_col.ubulk" 1441
"C:/Users/rikuh/source/repos/Content/MWLandscapeAutoMaterial/Textures/Ground/TEX_MWAM_Stones_col.uasset" 1442
"C:/Users/rikuh/source/repos/Content/MWLandscapeAutoMaterial/Textures/Ground/TEX_MWAM_Stones_col.uexp" 1443
"C:/Users/rikuh/source/repos/Content/MWLandscapeAutoMaterial/Textures/Ground/TEX_MWAM_Stones_nrm.ubulk" 1444
"C:/Users/rikuh/source/repos/Content/MWLandscapeAutoMaterial/Textures/Ground/TEX_MWAM_Stones_nrm.uasset" 1445
"C:/Users/rikuh/source/repos/Content/MWLandscapeAutoMaterial/Textures/Ground/TEX_MWAM_Stones_nrm.uexp" 1446
"C:/Users/rikuh/source/repos/Content/MWLandscapeAutoMaterial/Materials/Landscape/MTL_MWAM_Landscape_DesertExample.uasset" 1447
"C:/Users/rikuh/source/repos/Content/MWLandscapeAutoMaterial/Materials/Landscape/MTL_MWAM_Landscape_DesertExample.uexp" 1448
"C:/Users/rikuh/source/repos/Content/Project/Map/Assets/STM_BOX.ubulk" 1449
"C:/Users/rikuh/source/repos/Content/Project/Map/Assets/STM_BOX.uasset" 1450
"C:/Users/rikuh/source/repos/Content/Project/Map/Assets/STM_BOX.uexp" 1451
"C:/Users/rikuh/source/repos/Content/Project/Map/Assets/STM_JIMEN.ubulk" 1452
"C:/Users/rikuh/source/repos/Content/Project/Map/Assets/STM_JIMEN.uasset" 1453
"C:/Users/rikuh/source/repos/Content/Project/Map/Assets/STM_JIMEN.uexp" 1454
"C:/Users/rikuh/source/repos/Content/fbx/mid/modular_railway_track_uf_extracted/modular_railway_track_uf_extracted/MatID_1.uasset" 1455
"C:/Users/rikuh/source/repos/Content/fbx/mid/modular_railway_track_uf_extracted/modular_railway_track_uf_extracted/MatID_1.uexp" 1456
"C:/Users/rikuh/source/repos/Content/fbx/mid/modular_railway_track_uf_extracted/modular_railway_track_uf_extracted/Modular_Railway_Track_ufekaeedw_Mid.ubulk" 1457
"C:/Users/rikuh/source/repos/Content/fbx/mid/modular_railway_track_uf_extracted/modular_railway_track_uf_extracted/Modular_Railway_Track_ufekaeedw_Mid.uasset" 1458
"C:/Users/rikuh/source/repos/Content/fbx/mid/modular_railway_track_uf_extracted/modular_railway_track_uf_extracted/Modular_Railway_Track_ufekaeedw_Mid.uexp" 1459
"C:/Users/rikuh/source/repos/Content/fbx/mid/modular_railway_track_uf_extracted/modular_railway_track_uf_extracted/Modular_Railway_Track_ufekaeedw_Mid_2K_Diffuse.ubulk" 1460
"C:/Users/rikuh/source/repos/Content/fbx/mid/modular_railway_track_uf_extracted/modular_railway_track_uf_extracted/Modular_Railway_Track_ufekaeedw_Mid_2K_Diffuse.uasset" 1461
"C:/Users/rikuh/source/repos/Content/fbx/mid/modular_railway_track_uf_extracted/modular_railway_track_uf_extracted/Modular_Railway_Track_ufekaeedw_Mid_2K_Diffuse.uexp" 1462
"C:/Users/rikuh/source/repos/Content/fbx/mid/modular_railway_track_uf_extracted/modular_railway_track_uf_extracted/Modular_Railway_Track_ufekaeedw_Mid_2K_Normal.ubulk" 1463
"C:/Users/rikuh/source/repos/Content/fbx/mid/modular_railway_track_uf_extracted/modular_railway_track_uf_extracted/Modular_Railway_Track_ufekaeedw_Mid_2K_Normal.uasset" 1464
"C:/Users/rikuh/source/repos/Content/fbx/mid/modular_railway_track_uf_extracted/modular_railway_track_uf_extracted/Modular_Railway_Track_ufekaeedw_Mid_2K_Normal.uexp" 1465
"C:/Users/rikuh/source/repos/Content/fbx/mid/modular_railway_track_uf_extracted/modular_railway_track_uf_extracted/Modular_Railway_Track_ufekaeedw_Mid_2K_Specular.ubulk" 1466
"C:/Users/rikuh/source/repos/Content/fbx/mid/modular_railway_track_uf_extracted/modular_railway_track_uf_extracted/Modular_Railway_Track_ufekaeedw_Mid_2K_Specular.uasset" 1467
"C:/Users/rikuh/source/repos/Content/fbx/mid/modular_railway_track_uf_extracted/modular_railway_track_uf_extracted/Modular_Railway_Track_ufekaeedw_Mid_2K_Specular.uexp" 1468
"C:/Users/rikuh/source/repos/Content/fbx/mid/modular_railway_track_uf_extracted/modular_railway_track_uf_extracted/Modular_Railway_Track_ufekaeedw_Mid_2K_Mat.uasset" 1469
"C:/Users/rikuh/source/repos/Content/fbx/mid/modular_railway_track_uf_extracted/modular_railway_track_uf_extracted/Modular_Railway_Track_ufekaeedw_Mid_2K_Mat.uexp" 1470
"C:/Users/rikuh/source/repos/Content/Project/Map/BluePrint/BP_Lvl_Map.uasset" 1471
"C:/Users/rikuh/source/repos/Content/Project/Map/BluePrint/BP_Lvl_Map.uexp" 1472
"../../../Engine/Plugins/Animation/ControlRig/Content/Controls/DefaultGizmoLibraryNormalized.uasset" 1473
"../../../Engine/Plugins/Animation/ControlRig/Content/Controls/DefaultGizmoLibraryNormalized.uexp" 1474
"C:/Users/rikuh/source/repos/Content/Characters/Mannequins/Rigs/CR_Mannequin_FootIK.uasset" 1475
"C:/Users/rikuh/source/repos/Content/Characters/Mannequins/Rigs/CR_Mannequin_FootIK.uexp" 1476
"../../../Engine/Content/Animation/DefaultAnimBoneCompressionSettings.uasset" 1477
"../../../Engine/Content/Animation/DefaultAnimBoneCompressionSettings.uexp" 1478
"../../../Engine/Content/Animation/DefaultAnimCurveCompressionSettings.uasset" 1479
"../../../Engine/Content/Animation/DefaultAnimCurveCompressionSettings.uexp" 1480
"C:/Users/rikuh/source/repos/Content/Characters/Mannequins/Anims/Unarmed/MM_Idle.uasset" 1481
"C:/Users/rikuh/source/repos/Content/Characters/Mannequins/Anims/Unarmed/MM_Idle.uexp" 1482
"C:/Users/rikuh/source/repos/Content/Characters/Mannequins/Anims/Unarmed/Jog/MF_Unarmed_Jog_Bwd.uasset" 1483
"C:/Users/rikuh/source/repos/Content/Characters/Mannequins/Anims/Unarmed/Jog/MF_Unarmed_Jog_Bwd.uexp" 1484
"../../../Engine/Content/Animation/DefaultRecorderBoneCompression.uasset" 1485
"../../../Engine/Content/Animation/DefaultRecorderBoneCompression.uexp" 1486
"C:/Users/rikuh/source/repos/Content/Characters/Mannequins/Anims/Unarmed/Jog/MF_Unarmed_Jog_Bwd_Left.uasset" 1487
"C:/Users/rikuh/source/repos/Content/Characters/Mannequins/Anims/Unarmed/Jog/MF_Unarmed_Jog_Bwd_Left.uexp" 1488
"C:/Users/rikuh/source/repos/Content/Characters/Mannequins/Anims/Unarmed/Jog/MF_Unarmed_Jog_Bwd_Right.uasset" 1489
"C:/Users/rikuh/source/repos/Content/Characters/Mannequins/Anims/Unarmed/Jog/MF_Unarmed_Jog_Bwd_Right.uexp" 1490
"C:/Users/rikuh/source/repos/Content/Characters/Mannequins/Anims/Unarmed/Jog/MF_Unarmed_Jog_Fwd.uasset" 1491
"C:/Users/rikuh/source/repos/Content/Characters/Mannequins/Anims/Unarmed/Jog/MF_Unarmed_Jog_Fwd.uexp" 1492
"C:/Users/rikuh/source/repos/Content/Characters/Mannequins/Anims/Unarmed/Jog/MF_Unarmed_Jog_Fwd_Left.uasset" 1493
"C:/Users/rikuh/source/repos/Content/Characters/Mannequins/Anims/Unarmed/Jog/MF_Unarmed_Jog_Fwd_Left.uexp" 1494
"C:/Users/rikuh/source/repos/Content/Characters/Mannequins/Anims/Unarmed/Jog/MF_Unarmed_Jog_Fwd_Right.uasset" 1495
"C:/Users/rikuh/source/repos/Content/Characters/Mannequins/Anims/Unarmed/Jog/MF_Unarmed_Jog_Fwd_Right.uexp" 1496
"C:/Users/rikuh/source/repos/Content/Characters/Mannequins/Anims/Unarmed/Jog/MF_Unarmed_Jog_Left.uasset" 1497
"C:/Users/rikuh/source/repos/Content/Characters/Mannequins/Anims/Unarmed/Jog/MF_Unarmed_Jog_Left.uexp" 1498
"C:/Users/rikuh/source/repos/Content/Characters/Mannequins/Anims/Unarmed/Jog/MF_Unarmed_Jog_Right.uasset" 1499
"C:/Users/rikuh/source/repos/Content/Characters/Mannequins/Anims/Unarmed/Jog/MF_Unarmed_Jog_Right.uexp" 1500
"C:/Users/rikuh/source/repos/Content/Characters/Mannequins/Anims/Unarmed/Walk/MF_Unarmed_Walk_Bwd.uasset" 1501
"C:/Users/rikuh/source/repos/Content/Characters/Mannequins/Anims/Unarmed/Walk/MF_Unarmed_Walk_Bwd.uexp" 1502
"C:/Users/rikuh/source/repos/Content/Characters/Mannequins/Anims/Unarmed/Walk/MF_Unarmed_Walk_Bwd_Left.uasset" 1503
"C:/Users/rikuh/source/repos/Content/Characters/Mannequins/Anims/Unarmed/Walk/MF_Unarmed_Walk_Bwd_Left.uexp" 1504
"C:/Users/rikuh/source/repos/Content/Characters/Mannequins/Anims/Unarmed/Walk/MF_Unarmed_Walk_Bwd_Right.uasset" 1505
"C:/Users/rikuh/source/repos/Content/Characters/Mannequins/Anims/Unarmed/Walk/MF_Unarmed_Walk_Bwd_Right.uexp" 1506
"C:/Users/rikuh/source/repos/Content/Characters/Mannequins/Anims/Unarmed/Walk/MF_Unarmed_Walk_Fwd.uasset" 1507
"C:/Users/rikuh/source/repos/Content/Characters/Mannequins/Anims/Unarmed/Walk/MF_Unarmed_Walk_Fwd.uexp" 1508
"C:/Users/rikuh/source/repos/Content/Characters/Mannequins/Anims/Unarmed/Walk/MF_Unarmed_Walk_Fwd_Left.uasset" 1509
"C:/Users/rikuh/source/repos/Content/Characters/Mannequins/Anims/Unarmed/Walk/MF_Unarmed_Walk_Fwd_Left.uexp" 1510
"C:/Users/rikuh/source/repos/Content/Characters/Mannequins/Anims/Unarmed/Walk/MF_Unarmed_Walk_Fwd_Right.uasset" 1511
"C:/Users/rikuh/source/repos/Content/Characters/Mannequins/Anims/Unarmed/Walk/MF_Unarmed_Walk_Fwd_Right.uexp" 1512
"C:/Users/rikuh/source/repos/Content/Characters/Mannequins/Anims/Unarmed/Walk/MF_Unarmed_Walk_Left.uasset" 1513
"C:/Users/rikuh/source/repos/Content/Characters/Mannequins/Anims/Unarmed/Walk/MF_Unarmed_Walk_Left.uexp" 1514
"C:/Users/rikuh/source/repos/Content/Characters/Mannequins/Anims/Unarmed/Walk/MF_Unarmed_Walk_Right.uasset" 1515
"C:/Users/rikuh/source/repos/Content/Characters/Mannequins/Anims/Unarmed/Walk/MF_Unarmed_Walk_Right.uexp" 1516
"C:/Users/rikuh/source/repos/Content/Characters/Mannequins/Anims/Unarmed/BS_Idle_Walk_Run.uasset" 1517
"C:/Users/rikuh/source/repos/Content/Characters/Mannequins/Anims/Unarmed/BS_Idle_Walk_Run.uexp" 1518
"C:/Users/rikuh/source/repos/Content/Characters/Mannequins/Anims/Unarmed/Jump/MM_Fall_Loop.uasset" 1519
"C:/Users/rikuh/source/repos/Content/Characters/Mannequins/Anims/Unarmed/Jump/MM_Fall_Loop.uexp" 1520
"C:/Users/rikuh/source/repos/Content/Characters/Mannequins/Anims/Unarmed/Jump/MM_Jump.uasset" 1521
"C:/Users/rikuh/source/repos/Content/Characters/Mannequins/Anims/Unarmed/Jump/MM_Jump.uexp" 1522
"C:/Users/rikuh/source/repos/Content/Characters/Mannequins/Anims/Unarmed/Jump/MM_Land.uasset" 1523
"C:/Users/rikuh/source/repos/Content/Characters/Mannequins/Anims/Unarmed/Jump/MM_Land.uexp" 1524
"C:/Users/rikuh/source/repos/Content/Characters/Mannequins/Anims/Unarmed/ABP_Unarmed.uasset" 1525
"C:/Users/rikuh/source/repos/Content/Characters/Mannequins/Anims/Unarmed/ABP_Unarmed.uexp" 1526
"C:/Users/rikuh/source/repos/Content/Project/Cord/Assets/CardData/EN_CardEffect.uasset" 1527
"C:/Users/rikuh/source/repos/Content/Project/Cord/Assets/CardData/EN_CardEffect.uexp" 1528
"C:/Users/rikuh/source/repos/Content/NiagaraExamples/FX_Weapons/MuzzleFlashes/Meshes/T_BulletShell.ubulk" 1529
"C:/Users/rikuh/source/repos/Content/NiagaraExamples/FX_Weapons/MuzzleFlashes/Meshes/T_BulletShell.uasset" 1530
"C:/Users/rikuh/source/repos/Content/NiagaraExamples/FX_Weapons/MuzzleFlashes/Meshes/T_BulletShell.uexp" 1531
"C:/Users/rikuh/source/repos/Content/NiagaraExamples/FX_Weapons/MuzzleFlashes/Meshes/T_BulletShell_NM.ubulk" 1532
"C:/Users/rikuh/source/repos/Content/NiagaraExamples/FX_Weapons/MuzzleFlashes/Meshes/T_BulletShell_NM.uasset" 1533
"C:/Users/rikuh/source/repos/Content/NiagaraExamples/FX_Weapons/MuzzleFlashes/Meshes/T_BulletShell_NM.uexp" 1534
"C:/Users/rikuh/source/repos/Content/NiagaraExamples/FX_Weapons/MuzzleFlashes/Meshes/M_BulletShell_FX.uasset" 1535
"C:/Users/rikuh/source/repos/Content/NiagaraExamples/FX_Weapons/MuzzleFlashes/Meshes/M_BulletShell_FX.uexp" 1536
"C:/Users/rikuh/source/repos/Content/NiagaraExamples/FX_Weapons/MuzzleFlashes/Meshes/MI_BulletShell_FX.uasset" 1537
"C:/Users/rikuh/source/repos/Content/NiagaraExamples/FX_Weapons/MuzzleFlashes/Meshes/MI_BulletShell_FX.uexp" 1538
"C:/Users/rikuh/source/repos/Content/NiagaraExamples/FX_Weapons/MuzzleFlashes/Meshes/SM_BulletShell.ubulk" 1539
"C:/Users/rikuh/source/repos/Content/NiagaraExamples/FX_Weapons/MuzzleFlashes/Meshes/SM_BulletShell.uasset" 1540
"C:/Users/rikuh/source/repos/Content/NiagaraExamples/FX_Weapons/MuzzleFlashes/Meshes/SM_BulletShell.uexp" 1541
"C:/Users/rikuh/source/repos/Content/NiagaraExamples/FX_Weapons/MuzzleFlashes/Textures/T_ThinSmoke_FX.ubulk" 1542
"C:/Users/rikuh/source/repos/Content/NiagaraExamples/FX_Weapons/MuzzleFlashes/Textures/T_ThinSmoke_FX.uasset" 1543
"C:/Users/rikuh/source/repos/Content/NiagaraExamples/FX_Weapons/MuzzleFlashes/Textures/T_ThinSmoke_FX.uexp" 1544
"C:/Users/rikuh/source/repos/Content/NiagaraExamples/FX_Weapons/MuzzleFlashes/Textures/T_MuzzleFlash_Side.ubulk" 1545
"C:/Users/rikuh/source/repos/Content/NiagaraExamples/FX_Weapons/MuzzleFlashes/Textures/T_MuzzleFlash_Side.uasset" 1546
"C:/Users/rikuh/source/repos/Content/NiagaraExamples/FX_Weapons/MuzzleFlashes/Textures/T_MuzzleFlash_Side.uexp" 1547
"C:/Users/rikuh/source/repos/Content/NiagaraExamples/FX_Weapons/MuzzleFlashes/Materials/Instances/MI_Flipbook_Pyro_Muzzle.uasset" 1548
"C:/Users/rikuh/source/repos/Content/NiagaraExamples/FX_Weapons/MuzzleFlashes/Materials/Instances/MI_Flipbook_Pyro_Muzzle.uexp" 1549
"C:/Users/rikuh/source/repos/Content/NiagaraExamples/Textures/Sprites/T_SmokePuffLight_EOO_Loop.ubulk" 1550
"C:/Users/rikuh/source/repos/Content/NiagaraExamples/Textures/Sprites/T_SmokePuffLight_EOO_Loop.uasset" 1551
"C:/Users/rikuh/source/repos/Content/NiagaraExamples/Textures/Sprites/T_SmokePuffLight_EOO_Loop.uexp" 1552
"C:/Users/rikuh/source/repos/Content/NiagaraExamples/Textures/Sprites/T_SmokePuffLight_Normals_Loop.ubulk" 1553
"C:/Users/rikuh/source/repos/Content/NiagaraExamples/Textures/Sprites/T_SmokePuffLight_Normals_Loop.uasset" 1554
"C:/Users/rikuh/source/repos/Content/NiagaraExamples/Textures/Sprites/T_SmokePuffLight_Normals_Loop.uexp" 1555
"C:/Users/rikuh/source/repos/Content/NiagaraExamples/FX_Weapons/MuzzleFlashes/Materials/Instances/MI_Flipbook_Smoke_Muzzle.uasset" 1556
"C:/Users/rikuh/source/repos/Content/NiagaraExamples/FX_Weapons/MuzzleFlashes/Materials/Instances/MI_Flipbook_Smoke_Muzzle.uexp" 1557
"C:/Users/rikuh/source/repos/Content/NiagaraExamples/FX_Weapons/MuzzleFlashes/Textures/T_MuzzleFlash_Sphere.ubulk" 1558
"C:/Users/rikuh/source/repos/Content/NiagaraExamples/FX_Weapons/MuzzleFlashes/Textures/T_MuzzleFlash_Sphere.uasset" 1559
"C:/Users/rikuh/source/repos/Content/NiagaraExamples/FX_Weapons/MuzzleFlashes/Textures/T_MuzzleFlash_Sphere.uexp" 1560
"C:/Users/rikuh/source/repos/Content/NiagaraExamples/FX_Weapons/MuzzleFlashes/Materials/Instances/MI_MuzzleFlash_Sphere.uasset" 1561
"C:/Users/rikuh/source/repos/Content/NiagaraExamples/FX_Weapons/MuzzleFlashes/Materials/Instances/MI_MuzzleFlash_Sphere.uexp" 1562
"C:/Users/rikuh/source/repos/Content/NiagaraExamples/FX_Weapons/MuzzleFlashes/NS_MuzzleFlash.uasset" 1563
"C:/Users/rikuh/source/repos/Content/NiagaraExamples/FX_Weapons/MuzzleFlashes/NS_MuzzleFlash.uexp" 1564
"C:/Users/rikuh/source/repos/Content/Project/Cord/Assets/lambert1.uasset" 1565
"C:/Users/rikuh/source/repos/Content/Project/Cord/Assets/lambert1.uexp" 1566
"C:/Users/rikuh/source/repos/Content/Project/Player/Assets/Models/MG_Test.ubulk" 1567
"C:/Users/rikuh/source/repos/Content/Project/Player/Assets/Models/MG_Test.uasset" 1568
"C:/Users/rikuh/source/repos/Content/Project/Player/Assets/Models/MG_Test.uexp" 1569
"C:/Users/rikuh/source/repos/Content/Project/Player/Assets/STM/STM_Bullet.ubulk" 1570
"C:/Users/rikuh/source/repos/Content/Project/Player/Assets/STM/STM_Bullet.uasset" 1571
"C:/Users/rikuh/source/repos/Content/Project/Player/Assets/STM/STM_Bullet.uexp" 1572
"C:/Users/rikuh/source/repos/Content/Project/Player/BluePrints/BP_Bullet.uasset" 1573
"C:/Users/rikuh/source/repos/Content/Project/Player/BluePrints/BP_Bullet.uexp" 1574
"C:/Users/rikuh/source/repos/Content/Project/Player/Assets/SE/Gunshot01-1.ubulk" 1575
"C:/Users/rikuh/source/repos/Content/Project/Player/Assets/SE/Gunshot01-1.uasset" 1576
"C:/Users/rikuh/source/repos/Content/Project/Player/Assets/SE/Gunshot01-1.uexp" 1577
"C:/Users/rikuh/source/repos/Content/Project/Player/BluePrints/BP_MG.uasset" 1578
"C:/Users/rikuh/source/repos/Content/Project/Player/BluePrints/BP_MG.uexp" 1579
"C:/Users/rikuh/source/repos/Content/Project/Player/Assets/Images/UI03/reticl.uasset" 1580
"C:/Users/rikuh/source/repos/Content/Project/Player/Assets/Images/UI03/reticl.uexp" 1581
"C:/Users/rikuh/source/repos/Content/Project/Player/BluePrints/WBP_Reticle.uasset" 1582
"C:/Users/rikuh/source/repos/Content/Project/Player/BluePrints/WBP_Reticle.uexp" 1583
"C:/Users/rikuh/source/repos/Content/Project/Player/BluePrints/BP_FirstPersonCharacter.uasset" 1584
"C:/Users/rikuh/source/repos/Content/Project/Player/BluePrints/BP_FirstPersonCharacter.uexp" 1585
"C:/Users/rikuh/source/repos/Content/FirstPerson/Blueprints/BP_FirstPersonGameMode.uasset" 1586
"C:/Users/rikuh/source/repos/Content/FirstPerson/Blueprints/BP_FirstPersonGameMode.uexp" 1587
"../../../Engine/Content/EngineMaterials/Substrate/GLints/AGlintTex2dArray.uasset" 1588
"../../../Engine/Content/EngineMaterials/Substrate/GLints/AGlintTex2dArray.uexp" 1589
"../../../Engine/Content/EngineMaterials/Substrate/Glints2/AGlintTex2dArray2.uasset" 1590
"../../../Engine/Content/EngineMaterials/Substrate/Glints2/AGlintTex2dArray2.uexp" 1591
"../../../Engine/Content/EngineMaterials/Substrate/Volume/SubstrateSimpleVolumeEnvLUT3D.uasset" 1592
"../../../Engine/Content/EngineMaterials/Substrate/Volume/SubstrateSimpleVolumeEnvLUT3D.uexp" 1593
"../../../Engine/Content/EngineMaterials/Substrate/Volume/SubstrateSimpleVolumeLUT3D.uasset" 1594
"../../../Engine/Content/EngineMaterials/Substrate/Volume/SubstrateSimpleVolumeLUT3D.uexp" 1595
"../../../Engine/Content/Functions/Engine_MaterialFunctions01/Shading/ConvertFromDiffSpec.uasset" 1596
"../../../Engine/Content/Functions/Engine_MaterialFunctions01/Shading/ConvertFromDiffSpec.uexp" 1597
"../../../Engine/Content/Functions/Engine_MaterialFunctions01/Shading/PowerToRoughness.uasset" 1598
"../../../Engine/Content/Functions/Engine_MaterialFunctions01/Shading/PowerToRoughness.uexp" 1599
"../../../Engine/Content/EditorResources/S_Actor.ubulk" 1600
"../../../Engine/Content/EditorResources/S_Actor.uasset" 1601
"../../../Engine/Content/EditorResources/S_Actor.uexp" 1602
"../../../Engine/Content/EditorResources/S_BoxReflectionCapture.uasset" 1603
"../../../Engine/Content/EditorResources/S_BoxReflectionCapture.uexp" 1604
"../../../Engine/Content/EditorResources/S_Solver.ubulk" 1605
"../../../Engine/Content/EditorResources/S_Solver.uasset" 1606
"../../../Engine/Content/EditorResources/S_Solver.uexp" 1607
"../../../Engine/Content/EditorResources/S_Terrain.ubulk" 1608
"../../../Engine/Content/EditorResources/S_Terrain.uasset" 1609
"../../../Engine/Content/EditorResources/S_Terrain.uexp" 1610
"../../../Engine/Content/EditorResources/S_Trigger.ubulk" 1611
"../../../Engine/Content/EditorResources/S_Trigger.uasset" 1612
"../../../Engine/Content/EditorResources/S_Trigger.uexp" 1613
"../../../Engine/Content/EditorResources/S_TriggerBox.uasset" 1614
"../../../Engine/Content/EditorResources/S_TriggerBox.uexp" 1615
"../../../Engine/Content/EditorResources/S_TriggerCapsule.uasset" 1616
"../../../Engine/Content/EditorResources/S_TriggerCapsule.uexp" 1617
"../../../Engine/Content/EditorResources/S_TriggerSphere.uasset" 1618
"../../../Engine/Content/EditorResources/S_TriggerSphere.uexp" 1619
"../../../Engine/Content/EngineMaterials/DefaultBloomKernel.uasset" 1620
"../../../Engine/Content/EngineMaterials/DefaultBloomKernel.uexp" 1621
"../../../Engine/Content/EngineMaterials/DefaultBokeh.uasset" 1622
"../../../Engine/Content/EngineMaterials/DefaultBokeh.uexp" 1623
"../../../Engine/Plugins/NNE/NNEDenoiser/Content/NNEDIM_ColorAlbedoNormal_Default.uasset" 1624
"../../../Engine/Plugins/NNE/NNEDenoiser/Content/NNEDIM_ColorAlbedoNormal_Default.uexp" 1625
"../../../Engine/Plugins/NNE/NNEDenoiser/Content/NNEDIM_HighQuality_Alpha.uasset" 1626
"../../../Engine/Plugins/NNE/NNEDenoiser/Content/NNEDIM_HighQuality_Alpha.uexp" 1627
"../../../Engine/Plugins/NNE/NNEDenoiser/Content/NNEDIM_HighQuality_Default.uasset" 1628
"../../../Engine/Plugins/NNE/NNEDenoiser/Content/NNEDIM_HighQuality_Default.uexp" 1629
"../../../Engine/Plugins/NNE/NNEDenoiser/Content/NNEDOM_Output_Alpha.uasset" 1630
"../../../Engine/Plugins/NNE/NNEDenoiser/Content/NNEDOM_Output_Alpha.uexp" 1631
"../../../Engine/Plugins/NNE/NNEDenoiser/Content/NNEDOM_Output_Default.uasset" 1632
"../../../Engine/Plugins/NNE/NNEDenoiser/Content/NNEDOM_Output_Default.uexp" 1633
"../../../Engine/Content/EngineMaterials/DefaultDeferredDecalMaterial.uasset" 1634
"../../../Engine/Content/EngineMaterials/DefaultDeferredDecalMaterial.uexp" 1635
"../../../Engine/Plugins/NNE/NNEDenoiser/Content/NNEDTIM_ColorAlbedoNormal_Alpha.uasset" 1636
"../../../Engine/Plugins/NNE/NNEDenoiser/Content/NNEDTIM_ColorAlbedoNormal_Alpha.uexp" 1637
"../../../Engine/Plugins/NNE/NNEDenoiser/Content/NNEDTIM_ColorAlbedoNormal_Default.uasset" 1638
"../../../Engine/Plugins/NNE/NNEDenoiser/Content/NNEDTIM_ColorAlbedoNormal_Default.uexp" 1639
"../../../Engine/Plugins/NNE/NNEDenoiser/Content/NNEDTOM_Output_Alpha.uasset" 1640
"../../../Engine/Plugins/NNE/NNEDenoiser/Content/NNEDTOM_Output_Alpha.uexp" 1641
"../../../Engine/Plugins/NNE/NNEDenoiser/Content/NNEDTOM_Output_Default.uasset" 1642
"../../../Engine/Plugins/NNE/NNEDenoiser/Content/NNEDTOM_Output_Default.uexp" 1643
"../../../Engine/Plugins/NNE/NNEDenoiser/Content/NNEDT_Oidn2-3_Balanced.uasset" 1644
"../../../Engine/Plugins/NNE/NNEDenoiser/Content/NNEDT_Oidn2-3_Balanced.uexp" 1645
"../../../Engine/Plugins/NNE/NNEDenoiser/Content/NNEDT_Oidn2-3_Balanced_Alpha.uasset" 1646
"../../../Engine/Plugins/NNE/NNEDenoiser/Content/NNEDT_Oidn2-3_Balanced_Alpha.uexp" 1647
"../../../Engine/Plugins/NNE/NNEDenoiser/Content/NNED_Oidn2-3_Balanced.uasset" 1648
"../../../Engine/Plugins/NNE/NNEDenoiser/Content/NNED_Oidn2-3_Balanced.uexp" 1649
"../../../Engine/Plugins/NNE/NNEDenoiser/Content/NNED_Oidn2-3_Balanced_Alpha.uasset" 1650
"../../../Engine/Plugins/NNE/NNEDenoiser/Content/NNED_Oidn2-3_Balanced_Alpha.uexp" 1651
"../../../Engine/Plugins/NNE/NNEDenoiser/Content/NNED_Oidn2-3_Fast.uasset" 1652
"../../../Engine/Plugins/NNE/NNEDenoiser/Content/NNED_Oidn2-3_Fast.uexp" 1653
"../../../Engine/Plugins/NNE/NNEDenoiser/Content/NNED_Oidn2-3_Fast_Alpha.uasset" 1654
"../../../Engine/Plugins/NNE/NNEDenoiser/Content/NNED_Oidn2-3_Fast_Alpha.uexp" 1655
"../../../Engine/Plugins/NNE/NNEDenoiser/Content/NNED_Oidn2-3_HighQuality.uasset" 1656
"../../../Engine/Plugins/NNE/NNEDenoiser/Content/NNED_Oidn2-3_HighQuality.uexp" 1657
"../../../Engine/Plugins/NNE/NNEDenoiser/Content/NNED_Oidn2-3_HighQuality_Alpha.uasset" 1658
"../../../Engine/Plugins/NNE/NNEDenoiser/Content/NNED_Oidn2-3_HighQuality_Alpha.uexp" 1659
"../../../Engine/Plugins/NNE/NNEDenoiser/Content/NNE_oidn2-3-0_rt_hdr_alb_nrm_small__dyn__fp16_opset11_DenoiseAlpha.uasset" 1660
"../../../Engine/Plugins/NNE/NNEDenoiser/Content/NNE_oidn2-3-0_rt_hdr_alb_nrm_small__dyn__fp16_opset11_DenoiseAlpha.uexp" 1661
"../../../Engine/Content/EngineMaterials/DefaultLightFunctionMaterial.uasset" 1662
"../../../Engine/Content/EngineMaterials/DefaultLightFunctionMaterial.uexp" 1663
"../../../Engine/Plugins/NNE/NNEDenoiser/Content/NNE_oidn2-3-0_rt_hdr_alb_nrm_small__dyn__fp16_opset11_ForwardAlpha.uasset" 1664
"../../../Engine/Plugins/NNE/NNEDenoiser/Content/NNE_oidn2-3-0_rt_hdr_alb_nrm_small__dyn__fp16_opset11_ForwardAlpha.uexp" 1665
"../../../Engine/Plugins/NNE/NNEDenoiser/Content/NNE_oidn2-3-0_rt_hdr_alb_nrm__dyn__fp16_opset11_DenoiseAlpha.uasset" 1666
"../../../Engine/Plugins/NNE/NNEDenoiser/Content/NNE_oidn2-3-0_rt_hdr_alb_nrm__dyn__fp16_opset11_DenoiseAlpha.uexp" 1667
"../../../Engine/Plugins/NNE/NNEDenoiser/Content/NNE_oidn2-3-0_rt_hdr_alb_nrm__dyn__fp16_opset11_ForwardAlpha.uasset" 1668
"../../../Engine/Plugins/NNE/NNEDenoiser/Content/NNE_oidn2-3-0_rt_hdr_alb_nrm__dyn__fp16_opset11_ForwardAlpha.uexp" 1669
"../../../Engine/Plugins/NNE/NNEDenoiser/Content/NNE_oidn2-3-0_rt_hdr_calb_cnrm_large__dyn__fp16_opset11_DenoiseAlpha.uasset" 1670
"../../../Engine/Plugins/NNE/NNEDenoiser/Content/NNE_oidn2-3-0_rt_hdr_calb_cnrm_large__dyn__fp16_opset11_DenoiseAlpha.uexp" 1671
"../../../Engine/Plugins/NNE/NNEDenoiser/Content/NNE_oidn2-3-0_rt_hdr_calb_cnrm_large__dyn__fp16_opset11_ForwardAlpha.uasset" 1672
"../../../Engine/Plugins/NNE/NNEDenoiser/Content/NNE_oidn2-3-0_rt_hdr_calb_cnrm_large__dyn__fp16_opset11_ForwardAlpha.uexp" 1673
"../../../Engine/Content/EngineDamageTypes/DmgTypeBP_Environmental.uasset" 1674
"../../../Engine/Content/EngineDamageTypes/DmgTypeBP_Environmental.uexp" 1675
"../../../Engine/Content/EditorLandscapeResources/DefaultAlphaTexture.uasset" 1676
"../../../Engine/Content/EditorLandscapeResources/DefaultAlphaTexture.uexp" 1677
"../../../Engine/Content/Functions/Engine_MaterialFunctions03/Math/WithinRangeFloat2.uasset" 1678
"../../../Engine/Content/Functions/Engine_MaterialFunctions03/Math/WithinRangeFloat2.uexp" 1679
"../../../Engine/Content/EditorLandscapeResources/WhiteSquareTexture.uasset" 1680
"../../../Engine/Content/EditorLandscapeResources/WhiteSquareTexture.uexp" 1681
"../../../Engine/Content/EditorLandscapeResources/SelectBrushMaterial.uasset" 1682
"../../../Engine/Content/EditorLandscapeResources/SelectBrushMaterial.uexp" 1683
"../../../Engine/Content/EditorLandscapeResources/SelectBrushMaterial_Selected.uasset" 1684
"../../../Engine/Content/EditorLandscapeResources/SelectBrushMaterial_Selected.uexp" 1685
"../../../Engine/Content/EditorLandscapeResources/SelectBrushMaterial_SelectedRegion.uasset" 1686
"../../../Engine/Content/EditorLandscapeResources/SelectBrushMaterial_SelectedRegion.uexp" 1687
"../../../Engine/Content/EngineMaterials/DefaultPostProcessMaterial.uasset" 1688
"../../../Engine/Content/EngineMaterials/DefaultPostProcessMaterial.uexp" 1689
"../../../Engine/Content/EngineFonts/RobotoDistanceField.uasset" 1690
"../../../Engine/Content/EngineFonts/RobotoDistanceField.uexp" 1691
"../../../Engine/Content/EngineMaterials/DefaultTextMaterialOpaque.uasset" 1692
"../../../Engine/Content/EngineMaterials/DefaultTextMaterialOpaque.uexp" 1693
"../../../Engine/Content/EditorLandscapeResources/SplineEditorMeshMat.uasset" 1694
"../../../Engine/Content/EditorLandscapeResources/SplineEditorMeshMat.uexp" 1695
"../../../Engine/Content/EditorLandscapeResources/SplineEditorMesh.ubulk" 1696
"../../../Engine/Content/EditorLandscapeResources/SplineEditorMesh.uasset" 1697
"../../../Engine/Content/EditorLandscapeResources/SplineEditorMesh.uexp" 1698
"../../../Engine/Content/EngineMaterials/DefaultWhiteGrid.ubulk" 1699
"../../../Engine/Content/EngineMaterials/DefaultWhiteGrid.uasset" 1700
"../../../Engine/Content/EngineMaterials/DefaultWhiteGrid.uexp" 1701
"../../../Engine/Content/EngineMaterials/DefaultWhiteGrid_Low.uasset" 1702
"../../../Engine/Content/EngineMaterials/DefaultWhiteGrid_Low.uexp" 1703
"../../../Engine/Content/EngineMaterials/EmissiveMeshMaterial.uasset" 1704
"../../../Engine/Content/EngineMaterials/EmissiveMeshMaterial.uexp" 1705
"../../../Engine/Content/EngineMaterials/FastBlueNoise_scalar_128x128x64.uasset" 1706
"../../../Engine/Content/EngineMaterials/FastBlueNoise_scalar_128x128x64.uexp" 1707
"../../../Engine/Content/EngineDebugMaterials/DebugEditorMaterial.uasset" 1708
"../../../Engine/Content/EngineDebugMaterials/DebugEditorMaterial.uexp" 1709
"../../../Engine/Content/EngineMaterials/DefaultMaterial.uasset" 1710
"../../../Engine/Content/EngineMaterials/DefaultMaterial.uexp" 1711
"../../../Engine/Content/BasicShapes/Cone.ubulk" 1712
"../../../Engine/Content/BasicShapes/Cone.uasset" 1713
"../../../Engine/Content/BasicShapes/Cone.uexp" 1714
"../../../Engine/Content/EngineDebugMaterials/DebugMeshMaterial.uasset" 1715
"../../../Engine/Content/EngineDebugMaterials/DebugMeshMaterial.uexp" 1716
"../../../Engine/Content/EngineMaterials/FastBlueNoise_scalar_128x128x8.uasset" 1717
"../../../Engine/Content/EngineMaterials/FastBlueNoise_scalar_128x128x8.uexp" 1718
"../../../Engine/Content/EngineMaterials/FastBlueNoise_vec2_128x128x64.uasset" 1719
"../../../Engine/Content/EngineMaterials/FastBlueNoise_vec2_128x128x64.uexp" 1720
"../../../Engine/Content/EngineMaterials/BaseFlattenDiffuseMap.uasset" 1721
"../../../Engine/Content/EngineMaterials/BaseFlattenDiffuseMap.uexp" 1722
"../../../Engine/Content/EngineMaterials/BaseFlattenEmissiveMap.uasset" 1723
"../../../Engine/Content/EngineMaterials/BaseFlattenEmissiveMap.uexp" 1724
"../../../Engine/Content/EngineMaterials/BaseFlattenGrayscaleMap.uasset" 1725
"../../../Engine/Content/EngineMaterials/BaseFlattenGrayscaleMap.uexp" 1726
"../../../Engine/Content/EngineMaterials/BaseFlattenNormalMap.uasset" 1727
"../../../Engine/Content/EngineMaterials/BaseFlattenNormalMap.uexp" 1728
"../../../Engine/Content/Functions/Engine_MaterialFunctions02/PivotPainter2/Black_1x1_EXR_Texture.uasset" 1729
"../../../Engine/Content/Functions/Engine_MaterialFunctions02/PivotPainter2/Black_1x1_EXR_Texture.uexp" 1730
"../../../Engine/Content/EngineMaterials/FlattenMaterial.uasset" 1731
"../../../Engine/Content/EngineMaterials/FlattenMaterial.uexp" 1732
"../../../Engine/Content/BasicShapes/Cylinder.ubulk" 1733
"../../../Engine/Content/BasicShapes/Cylinder.uasset" 1734
"../../../Engine/Content/BasicShapes/Cylinder.uexp" 1735
"../../../Engine/Content/EngineMaterials/BaseFlattenDiffuseMap_VT.ubulk" 1736
"../../../Engine/Content/EngineMaterials/BaseFlattenDiffuseMap_VT.uasset" 1737
"../../../Engine/Content/EngineMaterials/BaseFlattenDiffuseMap_VT.uexp" 1738
"../../../Engine/Content/EngineMaterials/BaseFlattenEmissiveMap_VT.ubulk" 1739
"../../../Engine/Content/EngineMaterials/BaseFlattenEmissiveMap_VT.uasset" 1740
"../../../Engine/Content/EngineMaterials/BaseFlattenEmissiveMap_VT.uexp" 1741
"../../../Engine/Content/EngineMaterials/BaseFlattenGrayscaleMap_VT.ubulk" 1742
"../../../Engine/Content/EngineMaterials/BaseFlattenGrayscaleMap_VT.uasset" 1743
"../../../Engine/Content/EngineMaterials/BaseFlattenGrayscaleMap_VT.uexp" 1744
"../../../Engine/Content/EngineMaterials/BaseFlattenLinearColor_VT.ubulk" 1745
"../../../Engine/Content/EngineMaterials/BaseFlattenLinearColor_VT.uasset" 1746
"../../../Engine/Content/EngineMaterials/BaseFlattenLinearColor_VT.uexp" 1747
"../../../Engine/Content/EngineMaterials/BaseFlattenNormalMap_VT.ubulk" 1748
"../../../Engine/Content/EngineMaterials/BaseFlattenNormalMap_VT.uasset" 1749
"../../../Engine/Content/EngineMaterials/BaseFlattenNormalMap_VT.uexp" 1750
"../../../Engine/Content/EngineMaterials/Black_1x1_EXR_Texture_VT.ubulk" 1751
"../../../Engine/Content/EngineMaterials/Black_1x1_EXR_Texture_VT.uasset" 1752
"../../../Engine/Content/EngineMaterials/Black_1x1_EXR_Texture_VT.uexp" 1753
"../../../Engine/Content/EngineMaterials/FlattenMaterial_VT.uasset" 1754
"../../../Engine/Content/EngineMaterials/FlattenMaterial_VT.uexp" 1755
"../../../Engine/Content/EngineMaterials/FlattenMaterial_WS_Normal_VT.uasset" 1756
"../../../Engine/Content/EngineMaterials/FlattenMaterial_WS_Normal_VT.uexp" 1757
"../../../Engine/Content/EngineMaterials/GizmoMaterial.uasset" 1758
"../../../Engine/Content/EngineMaterials/GizmoMaterial.uexp" 1759
"../../../Engine/Content/BasicShapes/Plane.ubulk" 1760
"../../../Engine/Content/BasicShapes/Plane.uasset" 1761
"../../../Engine/Content/BasicShapes/Plane.uexp" 1762
"../../../Engine/Content/BasicShapes/Sphere.ubulk" 1763
"../../../Engine/Content/BasicShapes/Sphere.uasset" 1764
"../../../Engine/Content/BasicShapes/Sphere.uexp" 1765
"../../../Engine/Content/EngineDebugMaterials/M_SimpleUnlitTranslucent.uasset" 1766
"../../../Engine/Content/EngineDebugMaterials/M_SimpleUnlitTranslucent.uexp" 1767
"../../../Engine/Content/EngineDebugMaterials/VolumeToRender.uasset" 1768
"../../../Engine/Content/EngineDebugMaterials/VolumeToRender.uexp" 1769
"../../../Engine/Content/EngineDebugMaterials/M_VolumeRenderSphereTracePP.uasset" 1770
"../../../Engine/Content/EngineDebugMaterials/M_VolumeRenderSphereTracePP.uexp" 1771
"../../../Engine/Content/EngineMaterials/MiniFont.uasset" 1772
"../../../Engine/Content/EngineMaterials/MiniFont.uexp" 1773
"../../../Engine/Content/EngineMaterials/InvalidLightmapSettings.ubulk" 1774
"../../../Engine/Content/EngineMaterials/InvalidLightmapSettings.uasset" 1775
"../../../Engine/Content/EngineMaterials/InvalidLightmapSettings.uexp" 1776
"../../../Engine/Content/EngineMaterials/M_InvalidLightmapSettings.uasset" 1777
"../../../Engine/Content/EngineMaterials/M_InvalidLightmapSettings.uexp" 1778
"../../../Engine/Content/EngineMaterials/NaniteHiddenSectionMaterial.uasset" 1779
"../../../Engine/Content/EngineMaterials/NaniteHiddenSectionMaterial.uexp" 1780
"../../../Engine/Content/Functions/Engine_MaterialFunctions02/WorldPositionOffset/CameraOffset.uasset" 1781
"../../../Engine/Content/Functions/Engine_MaterialFunctions02/WorldPositionOffset/CameraOffset.uexp" 1782
"../../../Engine/Content/EngineMaterials/PhAT_JointLimitMaterial.uasset" 1783
"../../../Engine/Content/EngineMaterials/PhAT_JointLimitMaterial.uexp" 1784
"../../../Engine/Content/EditorMaterials/PhAT_NoCollisionMaterial.uasset" 1785
"../../../Engine/Content/EditorMaterials/PhAT_NoCollisionMaterial.uexp" 1786
"../../../Engine/Content/EditorMaterials/PhAT_UnselectedMaterial.uasset" 1787
"../../../Engine/Content/EditorMaterials/PhAT_UnselectedMaterial.uexp" 1788
"../../../Engine/Content/EngineMaterials/DefaultCalibrationColor.uasset" 1789
"../../../Engine/Content/EngineMaterials/DefaultCalibrationColor.uexp" 1790
"../../../Engine/Content/EngineMaterials/PPM_DefaultCalibrationColor.uasset" 1791
"../../../Engine/Content/EngineMaterials/PPM_DefaultCalibrationColor.uexp" 1792
"../../../Engine/Content/EngineMaterials/DefaultCalibrationGrayscale.uasset" 1793
"../../../Engine/Content/EngineMaterials/DefaultCalibrationGrayscale.uexp" 1794
"../../../Engine/Content/EngineMaterials/PPM_DefaultCalibrationGrayscale.uasset" 1795
"../../../Engine/Content/EngineMaterials/PPM_DefaultCalibrationGrayscale.uexp" 1796
"../../../Engine/Content/EditorMaterials/PreviewShadowIndicator.ubulk" 1797
"../../../Engine/Content/EditorMaterials/PreviewShadowIndicator.uasset" 1798
"../../../Engine/Content/EditorMaterials/PreviewShadowIndicator.uexp" 1799
"../../../Engine/Content/EditorMaterials/PreviewShadowIndicatorMaterial.uasset" 1800
"../../../Engine/Content/EditorMaterials/PreviewShadowIndicatorMaterial.uexp" 1801
"../../../Engine/Content/EngineMaterials/PreintegratedSkinBRDF.uasset" 1802
"../../../Engine/Content/EngineMaterials/PreintegratedSkinBRDF.uexp" 1803
"../../../Engine/Content/EngineMaterials/RemoveSurfaceMaterial.uasset" 1804
"../../../Engine/Content/EngineMaterials/RemoveSurfaceMaterial.uexp" 1805
"../../../Engine/Content/EngineMaterials/SMAAAreaTex.uasset" 1806
"../../../Engine/Content/EngineMaterials/SMAAAreaTex.uexp" 1807
"../../../Engine/Plugins/2D/Paper2D/Content/DefaultSpriteMaterial.uasset" 1808
"../../../Engine/Plugins/2D/Paper2D/Content/DefaultSpriteMaterial.uexp" 1809
"../../../Engine/Plugins/2D/Paper2D/Content/MaskedUnlitSpriteMaterial.uasset" 1810
"../../../Engine/Plugins/2D/Paper2D/Content/MaskedUnlitSpriteMaterial.uexp" 1811
"../../../Engine/Content/EngineMaterials/SMAASearchTex.uasset" 1812
"../../../Engine/Content/EngineMaterials/SMAASearchTex.uexp" 1813
"../../../Engine/Plugins/2D/Paper2D/Content/OpaqueUnlitSpriteMaterial.uasset" 1814
"../../../Engine/Plugins/2D/Paper2D/Content/OpaqueUnlitSpriteMaterial.uexp" 1815
"../../../Engine/Content/EditorLandscapeResources/ColorMaskBrushMaterial.uasset" 1816
"../../../Engine/Content/EditorLandscapeResources/ColorMaskBrushMaterial.uexp" 1817
"../../../Engine/Content/EditorLandscapeResources/ColorMaskBrushMaterial_MaskedRegion.uasset" 1818
"../../../Engine/Content/EditorLandscapeResources/ColorMaskBrushMaterial_MaskedRegion.uexp" 1819
"../../../Engine/Plugins/Animation/ControlRig/Content/M_Manip.uasset" 1820
"../../../Engine/Plugins/Animation/ControlRig/Content/M_Manip.uexp" 1821
"../../../Engine/Content/EditorLandscapeResources/LandscapeDirtyMaterial.uasset" 1822
"../../../Engine/Content/EditorLandscapeResources/LandscapeDirtyMaterial.uexp" 1823
"../../../Engine/Plugins/Interchange/Runtime/Content/Pipelines/DefaultAssetsPipeline.uasset" 1824
"../../../Engine/Plugins/Interchange/Runtime/Content/Pipelines/DefaultAssetsPipeline.uexp" 1825
"../../../Engine/Plugins/Interchange/Runtime/Content/Pipelines/DefaultAudioPipeline.uasset" 1826
"../../../Engine/Plugins/Interchange/Runtime/Content/Pipelines/DefaultAudioPipeline.uexp" 1827
"../../../Engine/Plugins/Interchange/Runtime/Content/Pipelines/DefaultGLTFAssetsPipeline.uasset" 1828
"../../../Engine/Plugins/Interchange/Runtime/Content/Pipelines/DefaultGLTFAssetsPipeline.uexp" 1829
"../../../Engine/Plugins/Interchange/Runtime/Content/Pipelines/DefaultGLTFPipeline.uasset" 1830
"../../../Engine/Plugins/Interchange/Runtime/Content/Pipelines/DefaultGLTFPipeline.uexp" 1831
"../../../Engine/Plugins/Interchange/Runtime/Content/Pipelines/DefaultGLTFSceneAssetsPipeline.uasset" 1832
"../../../Engine/Plugins/Interchange/Runtime/Content/Pipelines/DefaultGLTFSceneAssetsPipeline.uexp" 1833
"../../../Engine/Plugins/Interchange/Runtime/Content/Pipelines/DefaultMaterialPipeline.uasset" 1834
"../../../Engine/Plugins/Interchange/Runtime/Content/Pipelines/DefaultMaterialPipeline.uexp" 1835
"../../../Engine/Plugins/Interchange/Runtime/Content/Pipelines/DefaultMaterialXPipeline.uasset" 1836
"../../../Engine/Plugins/Interchange/Runtime/Content/Pipelines/DefaultMaterialXPipeline.uexp" 1837
"../../../Engine/Plugins/Interchange/Runtime/Content/Pipelines/DefaultSceneAssetsPipeline.uasset" 1838
"../../../Engine/Plugins/Interchange/Runtime/Content/Pipelines/DefaultSceneAssetsPipeline.uexp" 1839
"../../../Engine/Plugins/Interchange/Runtime/Content/Pipelines/DefaultSceneLevelPipeline.uasset" 1840
"../../../Engine/Plugins/Interchange/Runtime/Content/Pipelines/DefaultSceneLevelPipeline.uexp" 1841
"../../../Engine/Plugins/Interchange/Runtime/Content/Pipelines/DefaultTexturePipeline.uasset" 1842
"../../../Engine/Plugins/Interchange/Runtime/Content/Pipelines/DefaultTexturePipeline.uexp" 1843
"../../../Engine/Content/Functions/Engine_MaterialFunctions01/Texturing/TextureCropping.uasset" 1844
"../../../Engine/Content/Functions/Engine_MaterialFunctions01/Texturing/TextureCropping.uexp" 1845
"../../../Engine/Content/Functions/Engine_MaterialFunctions02/ExampleContent/DebugNumberStrip.uasset" 1846
"../../../Engine/Content/Functions/Engine_MaterialFunctions02/ExampleContent/DebugNumberStrip.uexp" 1847
"../../../Engine/Content/Functions/Engine_MaterialFunctions01/Debug/DebugIntValues.uasset" 1848
"../../../Engine/Content/Functions/Engine_MaterialFunctions01/Debug/DebugIntValues.uexp" 1849
"../../../Engine/Content/Functions/Engine_MaterialFunctions02/WorldPositionOffset/LocalPosition.uasset" 1850
"../../../Engine/Content/Functions/Engine_MaterialFunctions02/WorldPositionOffset/LocalPosition.uexp" 1851
"../../../Engine/Content/EditorLandscapeResources/LandscapeLayerUsageMaterial.uasset" 1852
"../../../Engine/Content/EditorLandscapeResources/LandscapeLayerUsageMaterial.uexp" 1853
"../../../Engine/Content/EditorLandscapeResources/LayerVisMaterial.uasset" 1854
"../../../Engine/Content/EditorLandscapeResources/LayerVisMaterial.uexp" 1855
"../../../Engine/Content/EditorLandscapeResources/MaskBrushMaterial.uasset" 1856
"../../../Engine/Content/EditorLandscapeResources/MaskBrushMaterial.uexp" 1857
"../../../Engine/Content/EditorLandscapeResources/MaskBrushMaterial_MaskedRegion.uasset" 1858
"../../../Engine/Content/EditorLandscapeResources/MaskBrushMaterial_MaskedRegion.uexp" 1859
"../../../Engine/Plugins/Media/MediaPlate/Content/SM_MediaPlateScreen.ubulk" 1860
"../../../Engine/Plugins/Media/MediaPlate/Content/SM_MediaPlateScreen.uasset" 1861
"../../../Engine/Plugins/Media/MediaPlate/Content/SM_MediaPlateScreen.uexp" 1862
"../../../Engine/Content/EditorResources/BSPVertex.uasset" 1863
"../../../Engine/Content/EditorResources/BSPVertex.uexp" 1864
"../../../Engine/Plugins/NNE/NNEDenoiser/Content/NNEDIM_ColorAlbedoNormal_Alpha.uasset" 1865
"../../../Engine/Plugins/NNE/NNEDenoiser/Content/NNEDIM_ColorAlbedoNormal_Alpha.uexp" 1866
"../../../Engine/Content/Maps/Entry_BuiltData.uasset" 1867
"../../../Engine/Content/Maps/Entry_BuiltData.uexp" 1868
"../../../Engine/Content/Maps/Entry.uexp" 1869
"../../../Engine/Content/Maps/Entry.umap" 1870
"../../../Engine/Content/EngineMaterials/DefaultPhysicalMaterial.uasset" 1871
"../../../Engine/Content/EngineMaterials/DefaultPhysicalMaterial.uexp" 1872
"../../../Engine/Content/EngineSky/VolumetricClouds/CloudGradientTexture.uasset" 1873
"../../../Engine/Content/EngineSky/VolumetricClouds/CloudGradientTexture.uexp" 1874
"../../../Engine/Content/EngineSky/VolumetricClouds/CloudWeatherTexture.uasset" 1875
"../../../Engine/Content/EngineSky/VolumetricClouds/CloudWeatherTexture.uexp" 1876
"../../../Engine/Content/EngineSky/VolumetricClouds/T_VolumeNoiseErosion32.uasset" 1877
"../../../Engine/Content/EngineSky/VolumetricClouds/T_VolumeNoiseErosion32.uexp" 1878
"../../../Engine/Content/EngineSky/VolumetricClouds/T_VolumeNoiseShape64.uasset" 1879
"../../../Engine/Content/EngineSky/VolumetricClouds/T_VolumeNoiseShape64.uexp" 1880
"C:/Users/rikuh/source/repos/Content/MWLandscapeAutoMaterial/Materials/MASTER/MTL_MW_VolumeClouds_MASTER.uasset" 1881
"C:/Users/rikuh/source/repos/Content/MWLandscapeAutoMaterial/Materials/MASTER/MTL_MW_VolumeClouds_MASTER.uexp" 1882
"C:/Users/rikuh/source/repos/Content/MWLandscapeAutoMaterial/Textures/FX/TEX_MW_CloudWeatherA.uasset" 1883
"C:/Users/rikuh/source/repos/Content/MWLandscapeAutoMaterial/Textures/FX/TEX_MW_CloudWeatherA.uexp" 1884
"C:/Users/rikuh/source/repos/Content/MWLandscapeAutoMaterial/Textures/FX/TEX_MW_CloudGradientB.uasset" 1885
"C:/Users/rikuh/source/repos/Content/MWLandscapeAutoMaterial/Textures/FX/TEX_MW_CloudGradientB.uexp" 1886
"C:/Users/rikuh/source/repos/Content/MWLandscapeAutoMaterial/Materials/FX/MTL_MWAM_VolumeCloudsB.uasset" 1887
"C:/Users/rikuh/source/repos/Content/MWLandscapeAutoMaterial/Materials/FX/MTL_MWAM_VolumeCloudsB.uexp" 1888
"C:/Users/rikuh/source/repos/Content/MWLandscapeAutoMaterial/Textures/Ground/TEX_MWAM_Grass_col.ubulk" 1889
"C:/Users/rikuh/source/repos/Content/MWLandscapeAutoMaterial/Textures/Ground/TEX_MWAM_Grass_col.uasset" 1890
"C:/Users/rikuh/source/repos/Content/MWLandscapeAutoMaterial/Textures/Ground/TEX_MWAM_Grass_col.uexp" 1891
"C:/Users/rikuh/source/repos/Content/MWLandscapeAutoMaterial/Textures/Ground/TEX_MWAM_Grass_nrm.ubulk" 1892
"C:/Users/rikuh/source/repos/Content/MWLandscapeAutoMaterial/Textures/Ground/TEX_MWAM_Grass_nrm.uasset" 1893
"C:/Users/rikuh/source/repos/Content/MWLandscapeAutoMaterial/Textures/Ground/TEX_MWAM_Grass_nrm.uexp" 1894
"C:/Users/rikuh/source/repos/Content/MWLandscapeAutoMaterial/Textures/Ground/TEX_MWAM_Rock_col.ubulk" 1895
"C:/Users/rikuh/source/repos/Content/MWLandscapeAutoMaterial/Textures/Ground/TEX_MWAM_Rock_col.uasset" 1896
"C:/Users/rikuh/source/repos/Content/MWLandscapeAutoMaterial/Textures/Ground/TEX_MWAM_Rock_col.uexp" 1897
"C:/Users/rikuh/source/repos/Content/MWLandscapeAutoMaterial/Textures/Ground/TEX_MWAM_Rock_nrm.ubulk" 1898
"C:/Users/rikuh/source/repos/Content/MWLandscapeAutoMaterial/Textures/Ground/TEX_MWAM_Rock_nrm.uasset" 1899
"C:/Users/rikuh/source/repos/Content/MWLandscapeAutoMaterial/Textures/Ground/TEX_MWAM_Rock_nrm.uexp" 1900
"C:/Users/rikuh/source/repos/Content/MWLandscapeAutoMaterial/Textures/Ground/TEX_MWAM_Snow_col.ubulk" 1901
"C:/Users/rikuh/source/repos/Content/MWLandscapeAutoMaterial/Textures/Ground/TEX_MWAM_Snow_col.uasset" 1902
"C:/Users/rikuh/source/repos/Content/MWLandscapeAutoMaterial/Textures/Ground/TEX_MWAM_Snow_col.uexp" 1903
"C:/Users/rikuh/source/repos/Content/MWLandscapeAutoMaterial/Textures/Ground/TEX_MWAM_Snow_nrm.ubulk" 1904
"C:/Users/rikuh/source/repos/Content/MWLandscapeAutoMaterial/Textures/Ground/TEX_MWAM_Snow_nrm.uasset" 1905
"C:/Users/rikuh/source/repos/Content/MWLandscapeAutoMaterial/Textures/Ground/TEX_MWAM_Snow_nrm.uexp" 1906
"C:/Users/rikuh/source/repos/Content/MWLandscapeAutoMaterial/Textures/Ground/TEX_MWAM_Dirt_col.ubulk" 1907
"C:/Users/rikuh/source/repos/Content/MWLandscapeAutoMaterial/Textures/Ground/TEX_MWAM_Dirt_col.uasset" 1908
"C:/Users/rikuh/source/repos/Content/MWLandscapeAutoMaterial/Textures/Ground/TEX_MWAM_Dirt_col.uexp" 1909
"C:/Users/rikuh/source/repos/Content/MWLandscapeAutoMaterial/Textures/Ground/TEX_MWAM_Dirt_nrm.ubulk" 1910
"C:/Users/rikuh/source/repos/Content/MWLandscapeAutoMaterial/Textures/Ground/TEX_MWAM_Dirt_nrm.uasset" 1911
"C:/Users/rikuh/source/repos/Content/MWLandscapeAutoMaterial/Textures/Ground/TEX_MWAM_Dirt_nrm.uexp" 1912
"C:/Users/rikuh/source/repos/Content/MWLandscapeAutoMaterial/Materials/Landscape/MTL_MWAM_Landscape_MountainRangeExample.uasset" 1913
"C:/Users/rikuh/source/repos/Content/MWLandscapeAutoMaterial/Materials/Landscape/MTL_MWAM_Landscape_MountainRangeExample.uexp" 1914
"C:/Users/rikuh/source/repos/Content/MWLandscapeAutoMaterial/Meshes/Background/SM_MWAM_MountainA.ubulk" 1915
"C:/Users/rikuh/source/repos/Content/MWLandscapeAutoMaterial/Meshes/Background/SM_MWAM_MountainA.uasset" 1916
"C:/Users/rikuh/source/repos/Content/MWLandscapeAutoMaterial/Meshes/Background/SM_MWAM_MountainA.uexp" 1917
"C:/Users/rikuh/source/repos/Content/MWLandscapeAutoMaterial/Meshes/Background/SM_MWAM_MountainB.ubulk" 1918
"C:/Users/rikuh/source/repos/Content/MWLandscapeAutoMaterial/Meshes/Background/SM_MWAM_MountainB.uasset" 1919
"C:/Users/rikuh/source/repos/Content/MWLandscapeAutoMaterial/Meshes/Background/SM_MWAM_MountainB.uexp" 1920
"C:/Users/rikuh/source/repos/Content/MWLandscapeAutoMaterial/Textures/TEX_MW_Temp_ColorChecker.ubulk" 1921
"C:/Users/rikuh/source/repos/Content/MWLandscapeAutoMaterial/Textures/TEX_MW_Temp_ColorChecker.uasset" 1922
"C:/Users/rikuh/source/repos/Content/MWLandscapeAutoMaterial/Textures/TEX_MW_Temp_ColorChecker.uexp" 1923
"C:/Users/rikuh/source/repos/Content/MWLandscapeAutoMaterial/Materials/MASTER/Basic/MTL_MW_Basic_MASTER.uasset" 1924
"C:/Users/rikuh/source/repos/Content/MWLandscapeAutoMaterial/Materials/MASTER/Basic/MTL_MW_Basic_MASTER.uexp" 1925
"C:/Users/rikuh/source/repos/Content/MWLandscapeAutoMaterial/Materials/MASTER/Basic/MTL_MW_Basic_Black.uasset" 1926
"C:/Users/rikuh/source/repos/Content/MWLandscapeAutoMaterial/Materials/MASTER/Basic/MTL_MW_Basic_Black.uexp" 1927
"C:/Users/rikuh/source/repos/Content/MWLandscapeAutoMaterial/Materials/MASTER/Basic/MTL_MW_Basic_Chrome.uasset" 1928
"C:/Users/rikuh/source/repos/Content/MWLandscapeAutoMaterial/Materials/MASTER/Basic/MTL_MW_Basic_Chrome.uexp" 1929
"C:/Users/rikuh/source/repos/Content/MWLandscapeAutoMaterial/Materials/MASTER/Basic/MTL_MW_Basic_ColorChecker.uasset" 1930
"C:/Users/rikuh/source/repos/Content/MWLandscapeAutoMaterial/Materials/MASTER/Basic/MTL_MW_Basic_ColorChecker.uexp" 1931
"C:/Users/rikuh/source/repos/Content/MWLandscapeAutoMaterial/Materials/MASTER/Basic/MTL_MW_Basic_Gray.uasset" 1932
"C:/Users/rikuh/source/repos/Content/MWLandscapeAutoMaterial/Materials/MASTER/Basic/MTL_MW_Basic_Gray.uexp" 1933
"C:/Users/rikuh/source/repos/Content/MWLandscapeAutoMaterial/Materials/MASTER/Basic/MTL_MW_Basic_White.uasset" 1934
"C:/Users/rikuh/source/repos/Content/MWLandscapeAutoMaterial/Materials/MASTER/Basic/MTL_MW_Basic_White.uexp" 1935
"C:/Users/rikuh/source/repos/Content/MWLandscapeAutoMaterial/Meshes/Basic/SM_MW_ColorChecker.ubulk" 1936
"C:/Users/rikuh/source/repos/Content/MWLandscapeAutoMaterial/Meshes/Basic/SM_MW_ColorChecker.uasset" 1937
"C:/Users/rikuh/source/repos/Content/MWLandscapeAutoMaterial/Meshes/Basic/SM_MW_ColorChecker.uexp" 1938
"C:/Users/rikuh/source/repos/Content/MWLandscapeAutoMaterial/Maps/LandscapeAutoMaterial_Desert_Example.uexp" 1939
"C:/Users/rikuh/source/repos/Content/MWLandscapeAutoMaterial/Maps/LandscapeAutoMaterial_Desert_Example.ubulk" 1940
"C:/Users/rikuh/source/repos/Content/MWLandscapeAutoMaterial/Maps/LandscapeAutoMaterial_Desert_Example.umap" 1941
"../../../Engine/Content/EngineSky/T_Sky_Blue.ubulk" 1942
"../../../Engine/Content/EngineSky/T_Sky_Blue.uasset" 1943
"../../../Engine/Content/EngineSky/T_Sky_Blue.uexp" 1944
"../../../Engine/Content/EngineSky/T_Sky_Clouds_M.ubulk" 1945
"../../../Engine/Content/EngineSky/T_Sky_Clouds_M.uasset" 1946
"../../../Engine/Content/EngineSky/T_Sky_Clouds_M.uexp" 1947
"../../../Engine/Content/EngineSky/T_Sky_Stars.ubulk" 1948
"../../../Engine/Content/EngineSky/T_Sky_Stars.uasset" 1949
"../../../Engine/Content/EngineSky/T_Sky_Stars.uexp" 1950
"../../../Engine/Content/EngineSky/M_Sky_Panning_Clouds2.uasset" 1951
"../../../Engine/Content/EngineSky/M_Sky_Panning_Clouds2.uexp" 1952
"../../../Engine/Content/EngineSky/SM_SkySphere.ubulk" 1953
"../../../Engine/Content/EngineSky/SM_SkySphere.uasset" 1954
"../../../Engine/Content/EngineSky/SM_SkySphere.uexp" 1955
"../../../Engine/Content/EngineSky/M_SimpleSkyDome.uasset" 1956
"../../../Engine/Content/EngineSky/M_SimpleSkyDome.uexp" 1957
"../../../Engine/Content/MapTemplates/SM_Template_Map_Floor.ubulk" 1958
"../../../Engine/Content/MapTemplates/SM_Template_Map_Floor.uasset" 1959
"../../../Engine/Content/MapTemplates/SM_Template_Map_Floor.uexp" 1960
"../../../Engine/Content/Functions/Engine_MaterialFunctions02/Utility/BreakOutFloat4Components.uasset" 1961
"../../../Engine/Content/Functions/Engine_MaterialFunctions02/Utility/BreakOutFloat4Components.uexp" 1962
"../../../Engine/Content/Functions/Engine_MaterialFunctions02/Utility/MakeFloat4.uasset" 1963
"../../../Engine/Content/Functions/Engine_MaterialFunctions02/Utility/MakeFloat4.uexp" 1964
"../../../Engine/Content/EngineResources/DefaultVolumeTexture2D.uasset" 1965
"../../../Engine/Content/EngineResources/DefaultVolumeTexture2D.uexp" 1966
"../../../Engine/Content/EngineResources/DefaultVolumeTexture.uasset" 1967
"../../../Engine/Content/EngineResources/DefaultVolumeTexture.uexp" 1968
"../../../Engine/Content/EngineSky/VolumetricClouds/VT_Lightning.uasset" 1969
"../../../Engine/Content/EngineSky/VolumetricClouds/VT_Lightning.uexp" 1970
"../../../Engine/Content/Functions/Engine_MaterialFunctions01/Units/Km-to-Cm.uasset" 1971
"../../../Engine/Content/Functions/Engine_MaterialFunctions01/Units/Km-to-Cm.uexp" 1972
"../../../Engine/Content/EngineSky/VolumetricClouds/m_SimpleVolumetricCloud.uasset" 1973
"../../../Engine/Content/EngineSky/VolumetricClouds/m_SimpleVolumetricCloud.uexp" 1974
"../../../Engine/Content/EngineSky/VolumetricClouds/T_CloudMask.ubulk" 1975
"../../../Engine/Content/EngineSky/VolumetricClouds/T_CloudMask.uasset" 1976
"../../../Engine/Content/EngineSky/VolumetricClouds/T_CloudMask.uexp" 1977
"../../../Engine/Content/EngineSky/VolumetricClouds/T_CloudPattern.ubulk" 1978
"../../../Engine/Content/EngineSky/VolumetricClouds/T_CloudPattern.uasset" 1979
"../../../Engine/Content/EngineSky/VolumetricClouds/T_CloudPattern.uexp" 1980
"../../../Engine/Content/EngineSky/VolumetricClouds/T_Profile_08.ubulk" 1981
"../../../Engine/Content/EngineSky/VolumetricClouds/T_Profile_08.uasset" 1982
"../../../Engine/Content/EngineSky/VolumetricClouds/T_Profile_08.uexp" 1983
"../../../Engine/Content/EngineSky/VolumetricClouds/VT_PerlinWorley_Balanced.uasset" 1984
"../../../Engine/Content/EngineSky/VolumetricClouds/VT_PerlinWorley_Balanced.uexp" 1985
"../../../Engine/Content/EngineSky/VolumetricClouds/m_SimpleVolumetricCloud_Inst.uasset" 1986
"../../../Engine/Content/EngineSky/VolumetricClouds/m_SimpleVolumetricCloud_Inst.uexp" 1987
"../../../Engine/Content/EngineMaterials/BlendFunc_DefBase.uasset" 1988
"../../../Engine/Content/EngineMaterials/BlendFunc_DefBase.uexp" 1989
"../../../Engine/Content/EngineMaterials/BlendFunc_DefBlend.uasset" 1990
"../../../Engine/Content/EngineMaterials/BlendFunc_DefBlend.uexp" 1991
"../../../Engine/Content/Functions/Engine_MaterialFunctions03/Blends/Blend_Overlay.uasset" 1992
"../../../Engine/Content/Functions/Engine_MaterialFunctions03/Blends/Blend_Overlay.uexp" 1993
"../../../Engine/Content/OpenWorldTemplate/LandscapeMaterial/T_GridChecker_A.ubulk" 1994
"../../../Engine/Content/OpenWorldTemplate/LandscapeMaterial/T_GridChecker_A.uasset" 1995
"../../../Engine/Content/OpenWorldTemplate/LandscapeMaterial/T_GridChecker_A.uexp" 1996
"../../../Engine/Content/OpenWorldTemplate/LandscapeMaterial/MF_ProcGrid.uasset" 1997
"../../../Engine/Content/OpenWorldTemplate/LandscapeMaterial/MF_ProcGrid.uexp" 1998
"../../../Engine/Content/OpenWorldTemplate/LandscapeMaterial/M_ProcGrid.uasset" 1999
"../../../Engine/Content/OpenWorldTemplate/LandscapeMaterial/M_ProcGrid.uexp" 2000
"../../../Engine/Content/OpenWorldTemplate/LandscapeMaterial/MI_ProcGrid.uasset" 2001
"../../../Engine/Content/OpenWorldTemplate/LandscapeMaterial/MI_ProcGrid.uexp" 2002
"C:/Users/rikuh/source/repos/Content/Project/Common/BluePrints/BP_MenuGameMode.uasset" 2003
"C:/Users/rikuh/source/repos/Content/Project/Common/BluePrints/BP_MenuGameMode.uexp" 2004
"C:/Users/rikuh/source/repos/Content/Project/Player/BluePrints/WBP_GameOver.uasset" 2005
"C:/Users/rikuh/source/repos/Content/Project/Player/BluePrints/WBP_GameOver.uexp" 2006
"C:/Users/rikuh/source/repos/Content/Project/Player/Lvl_BP/BP_Lvl_GameOver.uasset" 2007
"C:/Users/rikuh/source/repos/Content/Project/Player/Lvl_BP/BP_Lvl_GameOver.uexp" 2008
"C:/Users/rikuh/source/repos/Content/Project/Maps/Lvl_GameOver.uexp" 2009
"C:/Users/rikuh/source/repos/Content/Project/Maps/Lvl_GameOver.umap" 2010
"../../../Engine/Content/BasicShapes/Cube.ubulk" 2011
"../../../Engine/Content/BasicShapes/Cube.uasset" 2012
"../../../Engine/Content/BasicShapes/Cube.uexp" 2013
"../../../Engine/Content/BasicShapes/BasicShapeMaterial.uasset" 2014
"../../../Engine/Content/BasicShapes/BasicShapeMaterial.uexp" 2015
"C:/Users/rikuh/source/repos/Content/Project/Player/Assets/Models/MG/aiStandardSurface1.uasset" 2016
"C:/Users/rikuh/source/repos/Content/Project/Player/Assets/Models/MG/aiStandardSurface1.uexp" 2017
"C:/Users/rikuh/source/repos/Content/Project/Player/Assets/Models/MG/MG.ubulk" 2018
"C:/Users/rikuh/source/repos/Content/Project/Player/Assets/Models/MG/MG.uasset" 2019
"C:/Users/rikuh/source/repos/Content/Project/Player/Assets/Models/MG/MG.uexp" 2020
"C:/Users/rikuh/source/repos/Content/Project/Player/Assets/Models/MG/MG2.ubulk" 2021
"C:/Users/rikuh/source/repos/Content/Project/Player/Assets/Models/MG/MG2.uasset" 2022
"C:/Users/rikuh/source/repos/Content/Project/Player/Assets/Models/MG/MG2.uexp" 2023
"C:/Users/rikuh/source/repos/Content/Project/Maps/Lvl_InGame.uexp" 2024
"C:/Users/rikuh/source/repos/Content/Project/Maps/Lvl_InGame.umap" 2025
"C:/Users/rikuh/source/repos/Content/Project/Result/BluePrints/WBP_Result.uasset" 2026
"C:/Users/rikuh/source/repos/Content/Project/Result/BluePrints/WBP_Result.uexp" 2027
"C:/Users/rikuh/source/repos/Content/Project/Result/BluePrints/BP_OpenLevel.uasset" 2028
"C:/Users/rikuh/source/repos/Content/Project/Result/BluePrints/BP_OpenLevel.uexp" 2029
"C:/Users/rikuh/source/repos/Content/Project/Result/BluePrints/BP_StatusBuff.uasset" 2030
"C:/Users/rikuh/source/repos/Content/Project/Result/BluePrints/BP_StatusBuff.uexp" 2031
"C:/Users/rikuh/source/repos/Content/Project/Cord/DataTable/ST_RarityTable.uasset" 2032
"C:/Users/rikuh/source/repos/Content/Project/Cord/DataTable/ST_RarityTable.uexp" 2033
"C:/Users/rikuh/source/repos/Content/Project/Cord/DataTable/RarityTable.uasset" 2034
"C:/Users/rikuh/source/repos/Content/Project/Cord/DataTable/RarityTable.uexp" 2035
"C:/Users/rikuh/source/repos/Content/Project/Result/BluePrints/WBP_SelectCard.uasset" 2036
"C:/Users/rikuh/source/repos/Content/Project/Result/BluePrints/WBP_SelectCard.uexp" 2037
"C:/Users/rikuh/source/repos/Content/Project/Player/Assets/SE/OpenChest.ubulk" 2038
"C:/Users/rikuh/source/repos/Content/Project/Player/Assets/SE/OpenChest.uasset" 2039
"C:/Users/rikuh/source/repos/Content/Project/Player/Assets/SE/OpenChest.uexp" 2040
"C:/Users/rikuh/source/repos/Content/Project/Result/BluePrints/WBP_Takarabako.uasset" 2041
"C:/Users/rikuh/source/repos/Content/Project/Result/BluePrints/WBP_Takarabako.uexp" 2042
"C:/Users/rikuh/source/repos/Content/Project/Result/BluePrints/BP_Takarabako.uasset" 2043
"C:/Users/rikuh/source/repos/Content/Project/Result/BluePrints/BP_Takarabako.uexp" 2044
"C:/Users/rikuh/source/repos/Content/Project/Maps/Lvl_Result.uexp" 2045
"C:/Users/rikuh/source/repos/Content/Project/Maps/Lvl_Result.umap" 2046
"C:/Users/rikuh/source/repos/Content/Project/Title/TItle.uasset" 2047
"C:/Users/rikuh/source/repos/Content/Project/Title/TItle.uexp" 2048
"C:/Users/rikuh/source/repos/Content/Project/Title/WBP_Title.uasset" 2049
"C:/Users/rikuh/source/repos/Content/Project/Title/WBP_Title.uexp" 2050
"C:/Users/rikuh/source/repos/Content/Project/Title/BP_Lvl_Title.uasset" 2051
"C:/Users/rikuh/source/repos/Content/Project/Title/BP_Lvl_Title.uexp" 2052
"C:/Users/rikuh/source/repos/Content/Project/Maps/Lvl_Title.uexp" 2053
"C:/Users/rikuh/source/repos/Content/Project/Maps/Lvl_Title.umap" 2054
